date,keyword,url,current_rank,previous_rank,rank_diff,rank_change_rate,current_distance,previous_distance,distance_diff,distance_change_rate,weeks_elapsed
2025-11-02,鹿児島 管理栄養士 求人,https://jp.stanby.com/r_e1744c195adac2e7c67d348b6e7f39a4,7.0,7.0,0.0,0.0,2567,2567,0,0.0,0
2025-11-03,鹿児島 管理栄養士 求人,https://jp.stanby.com/r_e1744c195adac2e7c67d348b6e7f39a4,6.0,7.0,-1.0,-14.29,2366,2567,-201,-7.83,0
2025-11-04,鹿児島 管理栄養士 求人,https://jp.stanby.com/r_e1744c195adac2e7c67d348b6e7f39a4,7.0,6.0,1.0,16.67,2567,2366,201,8.5,0
2025-11-05,鹿児島 管理栄養士 求人,https://jp.stanby.com/r_e1744c195adac2e7c67d348b6e7f39a4,6.0,7.0,-1.0,-14.29,2366,2567,-201,-7.83,0
2025-11-06,鹿児島 管理栄養士 求人,https://jp.stanby.com/r_e1744c195adac2e7c67d348b6e7f39a4,6.0,6.0,0.0,0.0,3391,2366,1025,43.32,0
2025-11-07,鹿児島 管理栄養士 求人,https://jp.stanby.com/r_e1744c195adac2e7c67d348b6e7f39a4,6.0,6.0,0.0,0.0,2366,3391,-1025,-30.23,0
2025-11-08,鹿児島 管理栄養士 求人,https://jp.stanby.com/r_e1744c195adac2e7c67d348b6e7f39a4,6.0,6.0,0.0,0.0,1947,2366,-419,-17.71,0
2025-11-02,鹿児島 英語 求人,https://jp.stanby.com/r_a2c88812c1023bdd45b21b0b53825645,2.0,5.0,-3.0,-60.0,1071,1648,-577,-35.01,0
2025-11-03,鹿児島 英語 求人,https://jp.stanby.com/r_a2c88812c1023bdd45b21b0b53825645,2.0,2.0,0.0,0.0,1071,1071,0,0.0,0
2025-11-04,鹿児島 英語 求人,https://jp.stanby.com/r_a2c88812c1023bdd45b21b0b53825645,5.0,2.0,3.0,150.0,1648,1071,577,53.87,0
2025-11-05,鹿児島 英語 求人,https://jp.stanby.com/r_a2c88812c1023bdd45b21b0b53825645,5.0,5.0,0.0,0.0,1668,1648,20,1.21,0
2025-11-06,鹿児島 英語 求人,https://jp.stanby.com/r_a2c88812c1023bdd45b21b0b53825645,4.0,5.0,-1.0,-20.0,1467,1668,-201,-12.05,0
2025-11-07,鹿児島 英語 求人,https://jp.stanby.com/r_a2c88812c1023bdd45b21b0b53825645,6.0,4.0,2.0,50.0,1869,1467,402,27.4,0
2025-11-08,鹿児島 英語 求人,https://jp.stanby.com/r_a2c88812c1023bdd45b21b0b53825645,2.0,6.0,-4.0,-66.67,1065,1869,-804,-43.02,0
2025-11-02,鹿児島 言語聴覚士 求人,https://jp.stanby.com/r_88af00d70183e3c694bc1500c501a4e4,12.0,11.0,1.0,9.09,3782,5691,-1909,-33.54,0
2025-11-03,鹿児島 言語聴覚士 求人,https://jp.stanby.com/r_88af00d70183e3c694bc1500c501a4e4,12.0,12.0,0.0,0.0,3782,3782,0,0.0,0
2025-11-04,鹿児島 言語聴覚士 求人,https://jp.stanby.com/r_88af00d70183e3c694bc1500c501a4e4,10.0,12.0,-2.0,-16.67,3360,3782,-422,-11.16,0
2025-11-05,鹿児島 言語聴覚士 求人,https://jp.stanby.com/r_88af00d70183e3c694bc1500c501a4e4,10.0,10.0,0.0,0.0,5553,3360,2193,65.27,0
2025-11-06,鹿児島 言語聴覚士 求人,https://jp.stanby.com/r_88af00d70183e3c694bc1500c501a4e4,10.0,10.0,0.0,0.0,2751,5553,-2802,-50.46,0
2025-11-07,鹿児島 言語聴覚士 求人,https://jp.stanby.com/r_88af00d70183e3c694bc1500c501a4e4,9.0,10.0,-1.0,-10.0,2570,2751,-181,-6.58,0
2025-11-08,鹿児島 言語聴覚士 求人,https://jp.stanby.com/r_88af00d70183e3c694bc1500c501a4e4,10.0,9.0,1.0,11.11,3432,2570,862,33.54,0
2025-11-02,鹿児島 調理 求人,https://jp.stanby.com/r_16162c6adf0098e96f9691795194e2d0,6.0,6.0,0.0,0.0,1915,1915,0,0.0,0
2025-11-03,鹿児島 調理 求人,https://jp.stanby.com/r_16162c6adf0098e96f9691795194e2d0,6.0,6.0,0.0,0.0,1941,1915,26,1.36,0
2025-11-04,鹿児島 調理 求人,https://jp.stanby.com/r_16162c6adf0098e96f9691795194e2d0,6.0,6.0,0.0,0.0,1941,1941,0,0.0,0
2025-11-05,鹿児島 調理 求人,https://jp.stanby.com/r_16162c6adf0098e96f9691795194e2d0,5.0,6.0,-1.0,-16.67,1740,1941,-201,-10.36,0
2025-11-06,鹿児島 調理 求人,https://jp.stanby.com/r_16162c6adf0098e96f9691795194e2d0,6.0,5.0,1.0,20.0,1947,1740,207,11.9,0
2025-11-07,鹿児島 調理 求人,https://jp.stanby.com/r_16162c6adf0098e96f9691795194e2d0,6.0,6.0,0.0,0.0,1967,1947,20,1.03,0
2025-11-08,鹿児島 調理 求人,https://jp.stanby.com/r_16162c6adf0098e96f9691795194e2d0,5.0,6.0,-1.0,-16.67,1766,1967,-201,-10.22,0
2025-11-02,鹿児島 調理師 求人,https://jp.stanby.com/r_16162c6adf0098e96f9691795194e2d0,6.0,6.0,0.0,0.0,2268,2242,26,1.16,0
2025-11-03,鹿児島 調理師 求人,https://jp.stanby.com/r_16162c6adf0098e96f9691795194e2d0,6.0,6.0,0.0,0.0,1915,2268,-353,-15.56,0
2025-11-04,鹿児島 調理師 求人,https://jp.stanby.com/r_16162c6adf0098e96f9691795194e2d0,6.0,6.0,0.0,0.0,2242,1915,327,17.08,0
2025-11-05,鹿児島 調理師 求人,https://jp.stanby.com/r_16162c6adf0098e96f9691795194e2d0,4.0,6.0,-2.0,-33.33,1539,2242,-703,-31.36,0
2025-11-06,鹿児島 調理師 求人,https://jp.stanby.com/r_16162c6adf0098e96f9691795194e2d0,6.0,4.0,2.0,50.0,2222,1539,683,44.38,0
2025-11-07,鹿児島 調理師 求人,https://jp.stanby.com/r_16162c6adf0098e96f9691795194e2d0,6.0,6.0,0.0,0.0,2213,2222,-9,-0.41,0
2025-11-08,鹿児島 調理師 求人,https://jp.stanby.com/r_16162c6adf0098e96f9691795194e2d0,6.0,6.0,0.0,0.0,2187,2213,-26,-1.17,0
2025-11-02,鹿児島 販売 正社員,https://jp.stanby.com/r_ce9766d674977f778c08cc468a257e0a,5.0,4.0,1.0,25.0,2093,1565,528,33.74,0
2025-11-03,鹿児島 販売 正社員,https://jp.stanby.com/r_ce9766d674977f778c08cc468a257e0a,3.0,5.0,-2.0,-40.0,2458,2093,365,17.44,0
2025-11-04,鹿児島 販売 正社員,https://jp.stanby.com/r_ce9766d674977f778c08cc468a257e0a,3.0,3.0,0.0,0.0,1364,2458,-1094,-44.51,0
2025-11-05,鹿児島 販売 正社員,https://jp.stanby.com/r_ce9766d674977f778c08cc468a257e0a,3.0,3.0,0.0,0.0,1364,1364,0,0.0,0
2025-11-06,鹿児島 販売 正社員,https://jp.stanby.com/r_ce9766d674977f778c08cc468a257e0a,3.0,3.0,0.0,0.0,1338,1364,-26,-1.91,0
2025-11-07,鹿児島 販売 正社員,https://jp.stanby.com/r_ce9766d674977f778c08cc468a257e0a,3.0,3.0,0.0,0.0,1338,1338,0,0.0,0
2025-11-08,鹿児島 販売 正社員,https://jp.stanby.com/r_ce9766d674977f778c08cc468a257e0a,3.0,3.0,0.0,0.0,1338,1338,0,0.0,0
2025-11-02,鹿児島 転職,https://jp.stanby.com/r_338522a92d963087acb6f63c4d8c33fd,9.0,7.0,2.0,28.57,4220,2441,1779,72.88,0
2025-11-03,鹿児島 転職,https://jp.stanby.com/r_338522a92d963087acb6f63c4d8c33fd,9.0,9.0,0.0,0.0,4247,4220,27,0.64,0
2025-11-04,鹿児島 転職,https://jp.stanby.com/r_338522a92d963087acb6f63c4d8c33fd,8.0,9.0,-1.0,-11.11,3973,4247,-274,-6.45,0
2025-11-06,鹿児島 転職,https://jp.stanby.com/r_338522a92d963087acb6f63c4d8c33fd,7.0,8.0,-1.0,-12.5,3143,3973,-830,-20.89,0
2025-11-07,鹿児島 転職,https://jp.stanby.com/r_338522a92d963087acb6f63c4d8c33fd,9.0,7.0,2.0,28.57,5214,3143,2071,65.89,0
2025-11-08,鹿児島 転職,https://jp.stanby.com/r_338522a92d963087acb6f63c4d8c33fd,10.0,9.0,1.0,11.11,4558,5214,-656,-12.58,0
2025-11-02,鹿児島 農家 求人,https://jp.stanby.com/r_18c1937b312e56141ced858e290f80a9,7.0,6.0,1.0,16.67,2587,2386,201,8.42,0
2025-11-03,鹿児島 農家 求人,https://jp.stanby.com/r_18c1937b312e56141ced858e290f80a9,10.0,7.0,3.0,42.86,3819,2587,1232,47.62,0
2025-11-04,鹿児島 農家 求人,https://jp.stanby.com/r_18c1937b312e56141ced858e290f80a9,13.0,10.0,3.0,30.0,4567,3819,748,19.59,0
2025-11-06,鹿児島 農家 求人,https://jp.stanby.com/r_4e33f2cc857ade2b78ea708848d77ca9,10.0,8.0,2.0,25.0,3819,2742,1077,39.28,0
2025-11-07,鹿児島 農家 求人,https://jp.stanby.com/r_4e33f2cc857ade2b78ea708848d77ca9,8.0,10.0,-2.0,-20.0,2762,3819,-1057,-27.68,0
2025-11-08,鹿児島 農家 求人,https://jp.stanby.com/r_4e33f2cc857ade2b78ea708848d77ca9,9.0,8.0,1.0,12.5,3435,2762,673,24.37,0
2025-11-02,鹿児島 農業 求人,https://jp.stanby.com/r_18c1937b312e56141ced858e290f80a9,6.0,6.0,0.0,0.0,2258,2258,0,0.0,0
2025-11-03,鹿児島 農業 求人,https://jp.stanby.com/r_18c1937b312e56141ced858e290f80a9,6.0,6.0,0.0,0.0,1521,2258,-737,-32.64,0
2025-11-04,鹿児島 農業 求人,https://jp.stanby.com/r_18c1937b312e56141ced858e290f80a9,8.0,6.0,2.0,33.33,2634,1521,1113,73.18,0
2025-11-05,鹿児島 農業 求人,https://jp.stanby.com/r_18c1937b312e56141ced858e290f80a9,10.0,8.0,2.0,25.0,3691,2634,1057,40.13,0
2025-11-07,鹿児島 農業 求人,https://jp.stanby.com/r_18c1937b312e56141ced858e290f80a9,8.0,10.0,-2.0,-20.0,2634,3691,-1057,-28.64,0
2025-11-08,鹿児島 農業 求人,https://jp.stanby.com/r_18c1937b312e56141ced858e290f80a9,8.0,8.0,0.0,0.0,2943,2634,309,11.73,0
2025-11-02,鹿児島 運転手 求人,https://jp.stanby.com/r_d090a0681858328523f74f9fc76f9cc4,8.0,9.0,-1.0,-11.11,2317,2492,-175,-7.02,0
2025-11-03,鹿児島 運転手 求人,https://jp.stanby.com/r_d090a0681858328523f74f9fc76f9cc4,9.0,8.0,1.0,12.5,2498,2317,181,7.81,0
2025-11-04,鹿児島 運転手 求人,https://jp.stanby.com/r_d090a0681858328523f74f9fc76f9cc4,7.0,9.0,-2.0,-22.22,2122,2498,-376,-15.05,0
2025-11-05,鹿児島 運転手 求人,https://jp.stanby.com/r_d090a0681858328523f74f9fc76f9cc4,9.0,7.0,2.0,28.57,2889,2122,767,36.15,0
2025-11-06,鹿児島 運転手 求人,https://jp.stanby.com/r_d090a0681858328523f74f9fc76f9cc4,9.0,9.0,0.0,0.0,2472,2889,-417,-14.43,0
2025-11-08,鹿児島 運転手 求人,https://jp.stanby.com/r_d090a0681858328523f74f9fc76f9cc4,9.0,9.0,0.0,0.0,2492,2472,20,0.81,0
2025-11-02,鹿児島 銀行 パート,https://jp.stanby.com/r_1377fbdcb411dad0453cd07bca24c303,2.0,2.0,0.0,0.0,460,460,0,0.0,0
2025-11-03,鹿児島 銀行 パート,https://jp.stanby.com/r_1377fbdcb411dad0453cd07bca24c303,2.0,2.0,0.0,0.0,460,460,0,0.0,0
2025-11-04,鹿児島 銀行 パート,https://jp.stanby.com/r_1377fbdcb411dad0453cd07bca24c303,2.0,2.0,0.0,0.0,460,460,0,0.0,0
2025-11-05,鹿児島 銀行 パート,https://jp.stanby.com/r_1377fbdcb411dad0453cd07bca24c303,2.0,2.0,0.0,0.0,460,460,0,0.0,0
2025-11-06,鹿児島 銀行 パート,https://jp.stanby.com/r_1377fbdcb411dad0453cd07bca24c303,2.0,2.0,0.0,0.0,460,460,0,0.0,0
2025-11-07,鹿児島 銀行 パート,https://jp.stanby.com/r_1377fbdcb411dad0453cd07bca24c303,2.0,2.0,0.0,0.0,460,460,0,0.0,0
2025-11-08,鹿児島 銀行 パート,https://jp.stanby.com/r_1377fbdcb411dad0453cd07bca24c303,2.0,2.0,0.0,0.0,460,460,0,0.0,0
2025-11-02,鹿屋市 アルバイト,https://jp.stanby.com/r_17198f7677a534019e0da52fc42c6d9e,9.0,7.0,2.0,28.57,4218,3146,1072,34.08,0
2025-11-03,鹿屋市 アルバイト,https://jp.stanby.com/r_17198f7677a534019e0da52fc42c6d9e,8.0,9.0,-1.0,-11.11,4636,4218,418,9.91,0
2025-11-04,鹿屋市 アルバイト,https://jp.stanby.com/r_17198f7677a534019e0da52fc42c6d9e,8.0,8.0,0.0,0.0,2323,4636,-2313,-49.89,0
2025-11-05,鹿屋市 アルバイト,https://jp.stanby.com/r_17198f7677a534019e0da52fc42c6d9e,10.0,8.0,2.0,25.0,3743,2323,1420,61.13,0
2025-11-06,鹿屋市 アルバイト,https://jp.stanby.com/r_17198f7677a534019e0da52fc42c6d9e,9.0,10.0,-1.0,-10.0,4426,3743,683,18.25,0
2025-11-07,鹿屋市 アルバイト,https://jp.stanby.com/r_17198f7677a534019e0da52fc42c6d9e,9.0,9.0,0.0,0.0,4050,4426,-376,-8.5,0
2025-11-08,鹿屋市 アルバイト,https://jp.stanby.com/r_17198f7677a534019e0da52fc42c6d9e,8.0,9.0,-1.0,-11.11,3341,4050,-709,-17.51,0
2025-11-04,鹿屋市 ハローワーク 求人,https://jp.stanby.com/r_0f4dc518a16f7de581ac91d879c8c720,7.0,7.0,0.0,0.0,3904,3878,26,0.67,0
2025-11-03,鹿屋市 ハローワーク 求人,https://jp.stanby.com/r_5f9d3fa2f1ede4529685c8e62158b8eb,7.0,7.0,0.0,0.0,3878,3223,655,20.32,0
2025-11-05,鹿屋市 ハローワーク 求人,https://jp.stanby.com/r_5f9d3fa2f1ede4529685c8e62158b8eb,7.0,7.0,0.0,0.0,3275,3878,-603,-15.55,0
2025-11-06,鹿屋市 ハローワーク 求人,https://jp.stanby.com/r_5f9d3fa2f1ede4529685c8e62158b8eb,7.0,7.0,0.0,0.0,3269,3275,-6,-0.18,0
2025-11-07,鹿屋市 ハローワーク 求人,https://jp.stanby.com/r_5f9d3fa2f1ede4529685c8e62158b8eb,8.0,7.0,1.0,14.29,2886,3269,-383,-11.72,0
2025-11-08,鹿屋市 ハローワーク 求人,https://jp.stanby.com/r_5f9d3fa2f1ede4529685c8e62158b8eb,6.0,8.0,-2.0,-25.0,2530,2886,-356,-12.34,0
2025-11-02,鹿屋市 バイト,https://jp.stanby.com/r_17198f7677a534019e0da52fc42c6d9e,7.0,7.0,0.0,0.0,2563,2517,46,1.83,0
2025-11-03,鹿屋市 バイト,https://jp.stanby.com/r_17198f7677a534019e0da52fc42c6d9e,7.0,7.0,0.0,0.0,2531,2563,-32,-1.25,0
2025-11-04,鹿屋市 バイト,https://jp.stanby.com/r_17198f7677a534019e0da52fc42c6d9e,7.0,7.0,0.0,0.0,2122,2531,-409,-16.16,0
2025-11-05,鹿屋市 バイト,https://jp.stanby.com/r_17198f7677a534019e0da52fc42c6d9e,6.0,7.0,-1.0,-14.29,1869,2122,-253,-11.92,0
2025-11-06,鹿屋市 バイト,https://jp.stanby.com/r_17198f7677a534019e0da52fc42c6d9e,6.0,6.0,0.0,0.0,1869,1869,0,0.0,0
2025-11-07,鹿屋市 バイト,https://jp.stanby.com/r_17198f7677a534019e0da52fc42c6d9e,7.0,6.0,1.0,16.67,2485,1869,616,32.96,0
2025-11-08,鹿屋市 バイト,https://jp.stanby.com/r_17198f7677a534019e0da52fc42c6d9e,7.0,7.0,0.0,0.0,2090,2485,-395,-15.9,0
2025-11-02,鹿屋市 パート,https://jp.stanby.com/r_17198f7677a534019e0da52fc42c6d9e,8.0,7.0,1.0,14.29,3290,2731,559,20.47,0
2025-11-03,鹿屋市 パート,https://jp.stanby.com/r_17198f7677a534019e0da52fc42c6d9e,8.0,8.0,0.0,0.0,2706,3290,-584,-17.75,0
2025-11-04,鹿屋市 パート,https://jp.stanby.com/r_17198f7677a534019e0da52fc42c6d9e,8.0,8.0,0.0,0.0,1949,2706,-757,-27.97,0
2025-11-05,鹿屋市 パート,https://jp.stanby.com/r_17198f7677a534019e0da52fc42c6d9e,8.0,8.0,0.0,0.0,2686,1949,737,37.81,0
2025-11-06,鹿屋市 パート,https://jp.stanby.com/r_17198f7677a534019e0da52fc42c6d9e,8.0,8.0,0.0,0.0,2666,2686,-20,-0.74,0
2025-11-07,鹿屋市 パート,https://jp.stanby.com/r_17198f7677a534019e0da52fc42c6d9e,8.0,8.0,0.0,0.0,3907,2666,1241,46.55,0
2025-11-08,鹿屋市 パート,https://jp.stanby.com/r_17198f7677a534019e0da52fc42c6d9e,8.0,8.0,0.0,0.0,2686,3907,-1221,-31.25,0
2025-11-02,鹿屋市 パート求人,https://jp.stanby.com/r_17198f7677a534019e0da52fc42c6d9e,4.0,5.0,-1.0,-20.0,1866,1941,-75,-3.86,0
2025-11-03,鹿屋市 パート求人,https://jp.stanby.com/r_17198f7677a534019e0da52fc42c6d9e,4.0,4.0,0.0,0.0,1906,1866,40,2.14,0
2025-11-04,鹿屋市 パート求人,https://jp.stanby.com/r_17198f7677a534019e0da52fc42c6d9e,4.0,4.0,0.0,0.0,1906,1906,0,0.0,0
2025-11-05,鹿屋市 パート求人,https://jp.stanby.com/r_17198f7677a534019e0da52fc42c6d9e,5.0,4.0,1.0,25.0,3301,1906,1395,73.19,0
2025-11-06,鹿屋市 パート求人,https://jp.stanby.com/r_17198f7677a534019e0da52fc42c6d9e,5.0,5.0,0.0,0.0,2087,3301,-1214,-36.78,0
2025-11-07,鹿屋市 パート求人,https://jp.stanby.com/r_17198f7677a534019e0da52fc42c6d9e,5.0,5.0,0.0,0.0,2067,2087,-20,-0.96,0
2025-11-08,鹿屋市 パート求人,https://jp.stanby.com/r_17198f7677a534019e0da52fc42c6d9e,5.0,5.0,0.0,0.0,2087,2067,20,0.97,0
2025-11-02,鹿屋市 介護 求人,https://jp.stanby.com/r_5470957cdec0048f3f125044ed704249,5.0,5.0,0.0,0.0,3429,2181,1248,57.22,0
2025-11-03,鹿屋市 介護 求人,https://jp.stanby.com/r_5470957cdec0048f3f125044ed704249,4.0,5.0,-1.0,-20.0,1954,3429,-1475,-43.02,0
2025-11-04,鹿屋市 介護 求人,https://jp.stanby.com/r_5470957cdec0048f3f125044ed704249,5.0,4.0,1.0,25.0,2181,1954,227,11.62,0
2025-11-05,鹿屋市 介護 求人,https://jp.stanby.com/r_5470957cdec0048f3f125044ed704249,5.0,5.0,0.0,0.0,1766,2181,-415,-19.03,0
2025-11-06,鹿屋市 介護 求人,https://jp.stanby.com/r_5470957cdec0048f3f125044ed704249,5.0,5.0,0.0,0.0,2989,1766,1223,69.25,0
2025-11-07,鹿屋市 介護 求人,https://jp.stanby.com/r_5470957cdec0048f3f125044ed704249,5.0,5.0,0.0,0.0,1746,2989,-1243,-41.59,0
2025-11-08,鹿屋市 介護 求人,https://jp.stanby.com/r_5470957cdec0048f3f125044ed704249,4.0,5.0,-1.0,-20.0,1571,1746,-175,-10.02,0
2025-11-02,鹿屋市 仕事,https://jp.stanby.com/r_5f9d3fa2f1ede4529685c8e62158b8eb,8.0,7.0,1.0,14.29,2876,2629,247,9.4,0
2025-11-03,鹿屋市 仕事,https://jp.stanby.com/r_5f9d3fa2f1ede4529685c8e62158b8eb,9.0,8.0,1.0,12.5,3071,2876,195,6.78,0
2025-11-04,鹿屋市 仕事,https://jp.stanby.com/r_5f9d3fa2f1ede4529685c8e62158b8eb,8.0,9.0,-1.0,-11.11,2946,3071,-125,-4.07,0
2025-11-05,鹿屋市 仕事,https://jp.stanby.com/r_5f9d3fa2f1ede4529685c8e62158b8eb,9.0,8.0,1.0,12.5,3025,2946,79,2.68,0
2025-11-06,鹿屋市 仕事,https://jp.stanby.com/r_5f9d3fa2f1ede4529685c8e62158b8eb,9.0,9.0,0.0,0.0,3037,3025,12,0.4,0
2025-11-07,鹿屋市 仕事,https://jp.stanby.com/r_5f9d3fa2f1ede4529685c8e62158b8eb,9.0,9.0,0.0,0.0,4263,3037,1226,40.37,0
2025-11-08,鹿屋市 仕事,https://jp.stanby.com/r_5f9d3fa2f1ede4529685c8e62158b8eb,8.0,9.0,-1.0,-11.11,2876,4263,-1387,-32.54,0
2025-11-02,鹿屋市 仕事探し,https://jp.stanby.com/r_5f9d3fa2f1ede4529685c8e62158b8eb,7.0,6.0,1.0,16.67,2655,2394,261,10.9,0
2025-11-03,鹿屋市 仕事探し,https://jp.stanby.com/r_5f9d3fa2f1ede4529685c8e62158b8eb,7.0,7.0,0.0,0.0,3699,2655,1044,39.32,0
2025-11-04,鹿屋市 仕事探し,https://jp.stanby.com/r_5f9d3fa2f1ede4529685c8e62158b8eb,7.0,7.0,0.0,0.0,2643,3699,-1056,-28.55,0
2025-11-05,鹿屋市 仕事探し,https://jp.stanby.com/r_5f9d3fa2f1ede4529685c8e62158b8eb,6.0,7.0,-1.0,-14.29,2442,2643,-201,-7.6,0
2025-11-06,鹿屋市 仕事探し,https://jp.stanby.com/r_5f9d3fa2f1ede4529685c8e62158b8eb,7.0,6.0,1.0,16.67,2623,2442,181,7.41,0
2025-11-07,鹿屋市 仕事探し,https://jp.stanby.com/r_5f9d3fa2f1ede4529685c8e62158b8eb,7.0,7.0,0.0,0.0,3780,2623,1157,44.11,0
2025-11-08,鹿屋市 仕事探し,https://jp.stanby.com/r_5f9d3fa2f1ede4529685c8e62158b8eb,6.0,7.0,-1.0,-14.29,2448,3780,-1332,-35.24,0
2025-11-02,鹿屋市 仕事求人,https://jp.stanby.com/r_5f9d3fa2f1ede4529685c8e62158b8eb,7.0,7.0,0.0,0.0,2629,2629,0,0.0,0
2025-11-03,鹿屋市 仕事求人,https://jp.stanby.com/r_5f9d3fa2f1ede4529685c8e62158b8eb,9.0,7.0,2.0,28.57,3005,2629,376,14.3,0
2025-11-04,鹿屋市 仕事求人,https://jp.stanby.com/r_5f9d3fa2f1ede4529685c8e62158b8eb,8.0,9.0,-1.0,-11.11,4114,3005,1109,36.91,0
2025-11-05,鹿屋市 仕事求人,https://jp.stanby.com/r_5f9d3fa2f1ede4529685c8e62158b8eb,8.0,8.0,0.0,0.0,2824,4114,-1290,-31.36,0
2025-11-06,鹿屋市 仕事求人,https://jp.stanby.com/r_5f9d3fa2f1ede4529685c8e62158b8eb,8.0,8.0,0.0,0.0,2830,2824,6,0.21,0
2025-11-07,鹿屋市 仕事求人,https://jp.stanby.com/r_5f9d3fa2f1ede4529685c8e62158b8eb,8.0,8.0,0.0,0.0,2850,2830,20,0.71,0
2025-11-08,鹿屋市 仕事求人,https://jp.stanby.com/r_5f9d3fa2f1ede4529685c8e62158b8eb,8.0,8.0,0.0,0.0,2830,2850,-20,-0.7,0
2025-11-02,鹿屋市 保育士 求人,https://jp.stanby.com/r_4ec279ea33592753cf51e109e3d0184e,5.0,5.0,0.0,0.0,1740,1740,0,0.0,0
2025-11-03,鹿屋市 保育士 求人,https://jp.stanby.com/r_4ec279ea33592753cf51e109e3d0184e,4.0,5.0,-1.0,-20.0,1539,1740,-201,-11.55,0
2025-11-04,鹿屋市 保育士 求人,https://jp.stanby.com/r_4ec279ea33592753cf51e109e3d0184e,4.0,4.0,0.0,0.0,1539,1539,0,0.0,0
2025-11-05,鹿屋市 保育士 求人,https://jp.stanby.com/r_4ec279ea33592753cf51e109e3d0184e,5.0,4.0,1.0,25.0,1740,1539,201,13.06,0
2025-11-06,鹿屋市 保育士 求人,https://jp.stanby.com/r_4ec279ea33592753cf51e109e3d0184e,5.0,5.0,0.0,0.0,1740,1740,0,0.0,0
2025-11-07,鹿屋市 保育士 求人,https://jp.stanby.com/r_4ec279ea33592753cf51e109e3d0184e,5.0,5.0,0.0,0.0,1740,1740,0,0.0,0
2025-11-08,鹿屋市 保育士 求人,https://jp.stanby.com/r_4ec279ea33592753cf51e109e3d0184e,5.0,5.0,0.0,0.0,931,1740,-809,-46.49,0
2025-11-02,鹿屋市 募集,https://jp.stanby.com/r_1da47b774470f94533b460641ebda147,7.0,8.0,-1.0,-12.5,2623,2866,-243,-8.48,0
2025-11-05,鹿屋市 募集,https://jp.stanby.com/r_1da47b774470f94533b460641ebda147,9.0,7.0,2.0,28.57,2967,2623,344,13.11,0
2025-11-06,鹿屋市 募集,https://jp.stanby.com/r_1da47b774470f94533b460641ebda147,10.0,9.0,1.0,11.11,3154,2967,187,6.3,0
2025-11-07,鹿屋市 募集,https://jp.stanby.com/r_1da47b774470f94533b460641ebda147,10.0,10.0,0.0,0.0,3180,3154,26,0.82,0
2025-11-04,鹿屋市 募集,https://jp.stanby.com/r_5f9d3fa2f1ede4529685c8e62158b8eb,17.0,19.0,-2.0,-10.53,5077,5453,-376,-6.9,0
2025-11-08,鹿屋市 募集,https://jp.stanby.com/r_5f9d3fa2f1ede4529685c8e62158b8eb,19.0,17.0,2.0,11.76,5485,5077,408,8.04,0
2025-11-02,鹿屋市 正社員,https://jp.stanby.com/r_0f4dc518a16f7de581ac91d879c8c720,5.0,5.0,0.0,0.0,3040,2100,940,44.76,0
2025-11-03,鹿屋市 正社員,https://jp.stanby.com/r_0f4dc518a16f7de581ac91d879c8c720,4.0,5.0,-1.0,-20.0,1458,3040,-1582,-52.04,0
2025-11-04,鹿屋市 正社員,https://jp.stanby.com/r_0f4dc518a16f7de581ac91d879c8c720,4.0,4.0,0.0,0.0,1484,1458,26,1.78,0
2025-11-05,鹿屋市 正社員,https://jp.stanby.com/r_0f4dc518a16f7de581ac91d879c8c720,4.0,4.0,0.0,0.0,1432,1484,-52,-3.5,0
2025-11-06,鹿屋市 正社員,https://jp.stanby.com/r_0f4dc518a16f7de581ac91d879c8c720,5.0,4.0,1.0,25.0,3287,1432,1855,129.54,0
2025-11-07,鹿屋市 正社員,https://jp.stanby.com/r_0f4dc518a16f7de581ac91d879c8c720,5.0,5.0,0.0,0.0,2080,3287,-1207,-36.72,0
2025-11-08,鹿屋市 正社員,https://jp.stanby.com/r_0f4dc518a16f7de581ac91d879c8c720,5.0,5.0,0.0,0.0,2407,2080,327,15.72,0
2025-11-02,鹿屋市 正社員求人,https://jp.stanby.com/r_0f4dc518a16f7de581ac91d879c8c720,4.0,5.0,-1.0,-20.0,1484,1711,-227,-13.27,0
2025-11-03,鹿屋市 正社員求人,https://jp.stanby.com/r_0f4dc518a16f7de581ac91d879c8c720,5.0,4.0,1.0,25.0,3670,1484,2186,147.3,0
2025-11-04,鹿屋市 正社員求人,https://jp.stanby.com/r_0f4dc518a16f7de581ac91d879c8c720,5.0,5.0,0.0,0.0,1746,3670,-1924,-52.43,0
2025-11-05,鹿屋市 正社員求人,https://jp.stanby.com/r_0f4dc518a16f7de581ac91d879c8c720,4.0,5.0,-1.0,-20.0,1464,1746,-282,-16.15,0
2025-11-06,鹿屋市 正社員求人,https://jp.stanby.com/r_0f4dc518a16f7de581ac91d879c8c720,7.0,4.0,3.0,75.0,3668,1464,2204,150.55,0
2025-11-07,鹿屋市 正社員求人,https://jp.stanby.com/r_0f4dc518a16f7de581ac91d879c8c720,6.0,7.0,-1.0,-14.29,3381,3668,-287,-7.82,0
2025-11-08,鹿屋市 正社員求人,https://jp.stanby.com/r_0f4dc518a16f7de581ac91d879c8c720,6.0,6.0,0.0,0.0,3381,3381,0,0.0,0
2025-11-02,鹿屋市 求人,https://jp.stanby.com/r_5f9d3fa2f1ede4529685c8e62158b8eb,7.0,6.0,1.0,16.67,1972,1849,123,6.65,0
2025-11-03,鹿屋市 求人,https://jp.stanby.com/r_5f9d3fa2f1ede4529685c8e62158b8eb,8.0,7.0,1.0,14.29,2804,1972,832,42.19,0
2025-11-04,鹿屋市 求人,https://jp.stanby.com/r_5f9d3fa2f1ede4529685c8e62158b8eb,8.0,8.0,0.0,0.0,2656,2804,-148,-5.28,0
2025-11-05,鹿屋市 求人,https://jp.stanby.com/r_5f9d3fa2f1ede4529685c8e62158b8eb,8.0,8.0,0.0,0.0,2179,2656,-477,-17.96,0
2025-11-06,鹿屋市 求人,https://jp.stanby.com/r_5f9d3fa2f1ede4529685c8e62158b8eb,7.0,8.0,-1.0,-12.5,1972,2179,-207,-9.5,0
2025-11-07,鹿屋市 求人,https://jp.stanby.com/r_5f9d3fa2f1ede4529685c8e62158b8eb,8.0,7.0,1.0,14.29,2784,1972,812,41.18,0
2025-11-08,鹿屋市 求人,https://jp.stanby.com/r_5f9d3fa2f1ede4529685c8e62158b8eb,9.0,8.0,1.0,12.5,3057,2784,273,9.81,0
2025-11-02,鹿屋市 求人情報,https://jp.stanby.com/r_5f9d3fa2f1ede4529685c8e62158b8eb,6.0,6.0,0.0,0.0,2494,2494,0,0.0,0
2025-11-03,鹿屋市 求人情報,https://jp.stanby.com/r_5f9d3fa2f1ede4529685c8e62158b8eb,9.0,6.0,3.0,50.0,3071,2494,577,23.14,0
2025-11-04,鹿屋市 求人情報,https://jp.stanby.com/r_5f9d3fa2f1ede4529685c8e62158b8eb,6.0,9.0,-3.0,-33.33,2468,3071,-603,-19.64,0
2025-11-05,鹿屋市 求人情報,https://jp.stanby.com/r_5f9d3fa2f1ede4529685c8e62158b8eb,9.0,6.0,3.0,50.0,3045,2468,577,23.38,0
2025-11-06,鹿屋市 求人情報,https://jp.stanby.com/r_5f9d3fa2f1ede4529685c8e62158b8eb,8.0,9.0,-1.0,-11.11,4063,3045,1018,33.43,0
2025-11-07,鹿屋市 求人情報,https://jp.stanby.com/r_5f9d3fa2f1ede4529685c8e62158b8eb,9.0,8.0,1.0,12.5,3025,4063,-1038,-25.55,0
2025-11-08,鹿屋市 求人情報,https://jp.stanby.com/r_5f9d3fa2f1ede4529685c8e62158b8eb,8.0,9.0,-1.0,-11.11,3359,3025,334,11.04,0
2025-11-02,鹿屋市 派遣求人,https://jp.stanby.com/r_923761d37f678c654675c96880fe39a0,7.0,7.0,0.0,0.0,2038,2018,20,0.99,0
2025-11-03,鹿屋市 派遣求人,https://jp.stanby.com/r_923761d37f678c654675c96880fe39a0,7.0,7.0,0.0,0.0,2038,2038,0,0.0,0
2025-11-04,鹿屋市 派遣求人,https://jp.stanby.com/r_923761d37f678c654675c96880fe39a0,7.0,7.0,0.0,0.0,2038,2038,0,0.0,0
2025-11-05,鹿屋市 派遣求人,https://jp.stanby.com/r_923761d37f678c654675c96880fe39a0,6.0,7.0,-1.0,-14.29,1837,2038,-201,-9.86,0
2025-11-06,鹿屋市 派遣求人,https://jp.stanby.com/r_923761d37f678c654675c96880fe39a0,5.0,6.0,-1.0,-16.67,1636,1837,-201,-10.94,0
2025-11-07,鹿屋市 派遣求人,https://jp.stanby.com/r_923761d37f678c654675c96880fe39a0,6.0,5.0,1.0,20.0,1837,1636,201,12.29,0
2025-11-08,鹿屋市 派遣求人,https://jp.stanby.com/r_923761d37f678c654675c96880fe39a0,6.0,6.0,0.0,0.0,1837,1837,0,0.0,0
2025-11-02,鹿屋市 看護師 パート求人,https://jp.stanby.com/r_36ea930d3d7e36bd179188609c8d4cb3,5.0,5.0,0.0,0.0,2129,3328,-1199,-36.03,0
2025-11-03,鹿屋市 看護師 パート求人,https://jp.stanby.com/r_36ea930d3d7e36bd179188609c8d4cb3,5.0,5.0,0.0,0.0,2129,2129,0,0.0,0
2025-11-04,鹿屋市 看護師 パート求人,https://jp.stanby.com/r_36ea930d3d7e36bd179188609c8d4cb3,6.0,5.0,1.0,20.0,1895,2129,-234,-10.99,0
2025-11-06,鹿屋市 看護師 パート求人,https://jp.stanby.com/r_36ea930d3d7e36bd179188609c8d4cb3,6.0,6.0,0.0,0.0,2336,1895,441,23.27,0
2025-11-07,鹿屋市 看護師 パート求人,https://jp.stanby.com/r_36ea930d3d7e36bd179188609c8d4cb3,6.0,6.0,0.0,0.0,2362,2336,26,1.11,0
2025-11-08,鹿屋市 看護師 パート求人,https://jp.stanby.com/r_36ea930d3d7e36bd179188609c8d4cb3,4.0,6.0,-2.0,-33.33,1565,2362,-797,-33.74,0
2025-11-02,鹿屋市 看護師 求人,https://jp.stanby.com/r_36ea930d3d7e36bd179188609c8d4cb3,6.0,6.0,0.0,0.0,2336,2362,-26,-1.1,0
2025-11-03,鹿屋市 看護師 求人,https://jp.stanby.com/r_36ea930d3d7e36bd179188609c8d4cb3,6.0,6.0,0.0,0.0,2382,2336,46,1.97,0
2025-11-04,鹿屋市 看護師 求人,https://jp.stanby.com/r_36ea930d3d7e36bd179188609c8d4cb3,6.0,6.0,0.0,0.0,2408,2382,26,1.09,0
2025-11-05,鹿屋市 看護師 求人,https://jp.stanby.com/r_36ea930d3d7e36bd179188609c8d4cb3,6.0,6.0,0.0,0.0,2408,2408,0,0.0,0
2025-11-06,鹿屋市 看護師 求人,https://jp.stanby.com/r_36ea930d3d7e36bd179188609c8d4cb3,6.0,6.0,0.0,0.0,2388,2408,-20,-0.83,0
2025-11-07,鹿屋市 看護師 求人,https://jp.stanby.com/r_36ea930d3d7e36bd179188609c8d4cb3,6.0,6.0,0.0,0.0,2388,2388,0,0.0,0
2025-11-08,鹿屋市 看護師 求人,https://jp.stanby.com/r_36ea930d3d7e36bd179188609c8d4cb3,6.0,6.0,0.0,0.0,2408,2388,20,0.84,0
2025-11-02,鹿屋市 転職,https://jp.stanby.com/r_0f4dc518a16f7de581ac91d879c8c720,5.0,4.0,1.0,25.0,1694,1493,201,13.46,0
2025-11-03,鹿屋市 転職,https://jp.stanby.com/r_0f4dc518a16f7de581ac91d879c8c720,5.0,5.0,0.0,0.0,1694,1694,0,0.0,0
2025-11-04,鹿屋市 転職,https://jp.stanby.com/r_0f4dc518a16f7de581ac91d879c8c720,5.0,5.0,0.0,0.0,1674,1694,-20,-1.18,0
2025-11-05,鹿屋市 転職,https://jp.stanby.com/r_0f4dc518a16f7de581ac91d879c8c720,5.0,5.0,0.0,0.0,1694,1674,20,1.19,0
2025-11-06,鹿屋市 転職,https://jp.stanby.com/r_0f4dc518a16f7de581ac91d879c8c720,5.0,5.0,0.0,0.0,1694,1694,0,0.0,0
2025-11-07,鹿屋市 転職,https://jp.stanby.com/r_0f4dc518a16f7de581ac91d879c8c720,6.0,5.0,1.0,20.0,1869,1694,175,10.33,0
2025-11-08,鹿屋市 転職,https://jp.stanby.com/r_0f4dc518a16f7de581ac91d879c8c720,6.0,6.0,0.0,0.0,1869,1869,0,0.0,0
2025-11-02,鹿島市 バイト,https://jp.stanby.com/r_1191792682333b93f22f812d6267f507,10.0,10.0,0.0,0.0,3743,3749,-6,-0.16,0
2025-11-05,鹿島市 バイト,https://jp.stanby.com/r_1191792682333b93f22f812d6267f507,9.0,10.0,-1.0,-10.0,2887,3743,-856,-22.87,0
2025-11-08,鹿島市 バイト,https://jp.stanby.com/r_1191792682333b93f22f812d6267f507,7.0,9.0,-2.0,-22.22,2485,2887,-402,-13.92,0
2025-11-04,鹿島市 バイト,https://jp.stanby.com/r_59b13e06226e72cb2a1564461beaf421,26.0,26.0,0.0,0.0,9679,9679,0,0.0,0
2025-11-06,鹿島市 バイト,https://jp.stanby.com/r_59b13e06226e72cb2a1564461beaf421,26.0,26.0,0.0,0.0,7497,9679,-2182,-22.54,0
2025-11-07,鹿島市 バイト,https://jp.stanby.com/r_59b13e06226e72cb2a1564461beaf421,34.0,26.0,8.0,30.77,9889,7497,2392,31.91,0
2025-11-02,鹿島市 仕事,https://jp.stanby.com/r_81fbb321a6b52659ed66cdaa28cfb1d1,5.0,5.0,0.0,0.0,1764,1718,46,2.68,0
2025-11-03,鹿島市 仕事,https://jp.stanby.com/r_81fbb321a6b52659ed66cdaa28cfb1d1,5.0,5.0,0.0,0.0,1764,1764,0,0.0,0
2025-11-04,鹿島市 仕事,https://jp.stanby.com/r_81fbb321a6b52659ed66cdaa28cfb1d1,5.0,5.0,0.0,0.0,2361,1764,597,33.84,0
2025-11-05,鹿島市 仕事,https://jp.stanby.com/r_81fbb321a6b52659ed66cdaa28cfb1d1,5.0,5.0,0.0,0.0,2089,2361,-272,-11.52,0
2025-11-06,鹿島市 仕事,https://jp.stanby.com/r_81fbb321a6b52659ed66cdaa28cfb1d1,6.0,5.0,1.0,20.0,2440,2089,351,16.8,0
2025-11-07,鹿島市 仕事,https://jp.stanby.com/r_81fbb321a6b52659ed66cdaa28cfb1d1,5.0,6.0,-1.0,-16.67,1688,2440,-752,-30.82,0
2025-11-08,鹿島市 仕事,https://jp.stanby.com/r_81fbb321a6b52659ed66cdaa28cfb1d1,5.0,5.0,0.0,0.0,1706,1688,18,1.07,0
2025-11-08,鹿島市 正社員求人,https://jp.stanby.com/r_7e7dda9a7e96f808a938dc26c329dfc9,6.0,6.0,0.0,0.0,2667,1947,720,36.98,0
2025-11-02,鹿島市 正社員求人,https://jp.stanby.com/r_81fbb321a6b52659ed66cdaa28cfb1d1,6.0,6.0,0.0,0.0,2368,2342,26,1.11,0
2025-11-03,鹿島市 正社員求人,https://jp.stanby.com/r_81fbb321a6b52659ed66cdaa28cfb1d1,7.0,6.0,1.0,16.67,2569,2368,201,8.49,0
2025-11-05,鹿島市 正社員求人,https://jp.stanby.com/r_81fbb321a6b52659ed66cdaa28cfb1d1,7.0,7.0,0.0,0.0,2491,2569,-78,-3.04,0
2025-11-06,鹿島市 正社員求人,https://jp.stanby.com/r_81fbb321a6b52659ed66cdaa28cfb1d1,7.0,7.0,0.0,0.0,2491,2491,0,0.0,0
2025-11-07,鹿島市 正社員求人,https://jp.stanby.com/r_81fbb321a6b52659ed66cdaa28cfb1d1,6.0,7.0,-1.0,-14.29,1901,2491,-590,-23.69,0
2025-11-02,鹿島市 求人,https://jp.stanby.com/r_81fbb321a6b52659ed66cdaa28cfb1d1,6.0,6.0,0.0,0.0,2472,1747,725,41.5,0
2025-11-03,鹿島市 求人,https://jp.stanby.com/r_81fbb321a6b52659ed66cdaa28cfb1d1,6.0,6.0,0.0,0.0,2472,2472,0,0.0,0
2025-11-04,鹿島市 求人,https://jp.stanby.com/r_81fbb321a6b52659ed66cdaa28cfb1d1,5.0,6.0,-1.0,-16.67,2341,2472,-131,-5.3,0
2025-11-05,鹿島市 求人,https://jp.stanby.com/r_81fbb321a6b52659ed66cdaa28cfb1d1,5.0,5.0,0.0,0.0,2632,2341,291,12.43,0
2025-11-07,鹿島市 求人,https://jp.stanby.com/r_81fbb321a6b52659ed66cdaa28cfb1d1,5.0,5.0,0.0,0.0,2291,2632,-341,-12.96,0
2025-11-08,鹿島市 求人,https://jp.stanby.com/r_81fbb321a6b52659ed66cdaa28cfb1d1,5.0,5.0,0.0,0.0,2265,2291,-26,-1.13,0
2025-11-02,鹿島市 求人情報,https://jp.stanby.com/r_81fbb321a6b52659ed66cdaa28cfb1d1,5.0,5.0,0.0,0.0,2209,2303,-94,-4.08,0
2025-11-03,鹿島市 求人情報,https://jp.stanby.com/r_81fbb321a6b52659ed66cdaa28cfb1d1,5.0,5.0,0.0,0.0,3568,2209,1359,61.52,0
2025-11-04,鹿島市 求人情報,https://jp.stanby.com/r_81fbb321a6b52659ed66cdaa28cfb1d1,5.0,5.0,0.0,0.0,1572,3568,-1996,-55.94,0
2025-11-05,鹿島市 求人情報,https://jp.stanby.com/r_81fbb321a6b52659ed66cdaa28cfb1d1,5.0,5.0,0.0,0.0,2309,1572,737,46.88,0
2025-11-06,鹿島市 求人情報,https://jp.stanby.com/r_81fbb321a6b52659ed66cdaa28cfb1d1,5.0,5.0,0.0,0.0,2291,2309,-18,-0.78,0
2025-11-07,鹿島市 求人情報,https://jp.stanby.com/r_81fbb321a6b52659ed66cdaa28cfb1d1,5.0,5.0,0.0,0.0,2291,2291,0,0.0,0
2025-11-08,鹿島市 求人情報,https://jp.stanby.com/r_81fbb321a6b52659ed66cdaa28cfb1d1,5.0,5.0,0.0,0.0,2614,2291,323,14.1,0
2025-11-02,鹿嶋市 アルバイト,https://jp.stanby.com/r_cff088c9c05bb28a51fb886f5cd3c688,5.0,5.0,0.0,0.0,2249,1814,435,23.98,0
2025-11-03,鹿嶋市 アルバイト,https://jp.stanby.com/r_cff088c9c05bb28a51fb886f5cd3c688,5.0,5.0,0.0,0.0,2199,2249,-50,-2.22,0
2025-11-04,鹿嶋市 アルバイト,https://jp.stanby.com/r_cff088c9c05bb28a51fb886f5cd3c688,5.0,5.0,0.0,0.0,1802,2199,-397,-18.05,0
2025-11-05,鹿嶋市 アルバイト,https://jp.stanby.com/r_cff088c9c05bb28a51fb886f5cd3c688,5.0,5.0,0.0,0.0,2109,1802,307,17.04,0
2025-11-06,鹿嶋市 アルバイト,https://jp.stanby.com/r_cff088c9c05bb28a51fb886f5cd3c688,5.0,5.0,0.0,0.0,1434,2109,-675,-32.01,0
2025-11-07,鹿嶋市 アルバイト,https://jp.stanby.com/r_cff088c9c05bb28a51fb886f5cd3c688,6.0,5.0,1.0,20.0,2553,1434,1119,78.03,0
2025-11-08,鹿嶋市 アルバイト,https://jp.stanby.com/r_cff088c9c05bb28a51fb886f5cd3c688,5.0,6.0,-1.0,-16.67,2171,2553,-382,-14.96,0
2025-11-02,鹿嶋市 バイト,https://jp.stanby.com/r_cff088c9c05bb28a51fb886f5cd3c688,5.0,5.0,0.0,0.0,2161,2828,-667,-23.59,0
2025-11-03,鹿嶋市 バイト,https://jp.stanby.com/r_cff088c9c05bb28a51fb886f5cd3c688,5.0,5.0,0.0,0.0,2155,2161,-6,-0.28,0
2025-11-04,鹿嶋市 バイト,https://jp.stanby.com/r_cff088c9c05bb28a51fb886f5cd3c688,5.0,5.0,0.0,0.0,2223,2155,68,3.16,0
2025-11-05,鹿嶋市 バイト,https://jp.stanby.com/r_cff088c9c05bb28a51fb886f5cd3c688,6.0,5.0,1.0,20.0,2661,2223,438,19.7,0
2025-11-06,鹿嶋市 バイト,https://jp.stanby.com/r_cff088c9c05bb28a51fb886f5cd3c688,5.0,6.0,-1.0,-16.67,3606,2661,945,35.51,0
2025-11-07,鹿嶋市 バイト,https://jp.stanby.com/r_cff088c9c05bb28a51fb886f5cd3c688,5.0,5.0,0.0,0.0,2063,3606,-1543,-42.79,0
2025-11-08,鹿嶋市 バイト,https://jp.stanby.com/r_cff088c9c05bb28a51fb886f5cd3c688,6.0,5.0,1.0,20.0,2372,2063,309,14.98,0
2025-11-04,鹿嶋市 パート,https://jp.stanby.com/r_80dbf2b5d45458a1337024d97eefadd9,4.0,9.0,-5.0,-55.56,1493,2843,-1350,-47.49,0
2025-11-06,鹿嶋市 パート,https://jp.stanby.com/r_80dbf2b5d45458a1337024d97eefadd9,5.0,4.0,1.0,25.0,2011,1493,518,34.7,0
2025-11-02,鹿嶋市 パート,https://jp.stanby.com/r_cff088c9c05bb28a51fb886f5cd3c688,6.0,6.0,0.0,0.0,2620,2264,356,15.72,0
2025-11-05,鹿嶋市 パート,https://jp.stanby.com/r_cff088c9c05bb28a51fb886f5cd3c688,5.0,6.0,-1.0,-16.67,2101,2620,-519,-19.81,0
2025-11-07,鹿嶋市 パート,https://jp.stanby.com/r_cff088c9c05bb28a51fb886f5cd3c688,6.0,5.0,1.0,20.0,2212,2101,111,5.28,0
2025-11-08,鹿嶋市 パート,https://jp.stanby.com/r_cff088c9c05bb28a51fb886f5cd3c688,6.0,6.0,0.0,0.0,2256,2212,44,1.99,0
2025-11-02,鹿嶋市 パート求人,https://jp.stanby.com/r_cff088c9c05bb28a51fb886f5cd3c688,4.0,4.0,0.0,0.0,1978,1952,26,1.33,0
2025-11-03,鹿嶋市 パート求人,https://jp.stanby.com/r_cff088c9c05bb28a51fb886f5cd3c688,4.0,4.0,0.0,0.0,1862,1978,-116,-5.86,0
2025-11-04,鹿嶋市 パート求人,https://jp.stanby.com/r_cff088c9c05bb28a51fb886f5cd3c688,4.0,4.0,0.0,0.0,1882,1862,20,1.07,0
2025-11-05,鹿嶋市 パート求人,https://jp.stanby.com/r_cff088c9c05bb28a51fb886f5cd3c688,4.0,4.0,0.0,0.0,1880,1882,-2,-0.11,0
2025-11-06,鹿嶋市 パート求人,https://jp.stanby.com/r_cff088c9c05bb28a51fb886f5cd3c688,4.0,4.0,0.0,0.0,1836,1880,-44,-2.34,0
2025-11-07,鹿嶋市 パート求人,https://jp.stanby.com/r_cff088c9c05bb28a51fb886f5cd3c688,5.0,4.0,1.0,25.0,2646,1836,810,44.12,0
2025-11-08,鹿嶋市 パート求人,https://jp.stanby.com/r_cff088c9c05bb28a51fb886f5cd3c688,5.0,5.0,0.0,0.0,2145,2646,-501,-18.93,0
2025-11-02,鹿嶋市 事務 求人,https://jp.stanby.com/r_80fbf2f0019d5567908b36c4ac992b2f,6.0,6.0,0.0,0.0,1829,1785,44,2.46,0
2025-11-03,鹿嶋市 事務 求人,https://jp.stanby.com/r_80fbf2f0019d5567908b36c4ac992b2f,6.0,6.0,0.0,0.0,1823,1829,-6,-0.33,0
2025-11-04,鹿嶋市 事務 求人,https://jp.stanby.com/r_80fbf2f0019d5567908b36c4ac992b2f,6.0,6.0,0.0,0.0,3057,1823,1234,67.69,0
2025-11-05,鹿嶋市 事務 求人,https://jp.stanby.com/r_80fbf2f0019d5567908b36c4ac992b2f,6.0,6.0,0.0,0.0,1823,3057,-1234,-40.37,0
2025-11-06,鹿嶋市 事務 求人,https://jp.stanby.com/r_80fbf2f0019d5567908b36c4ac992b2f,6.0,6.0,0.0,0.0,1849,1823,26,1.43,0
2025-11-07,鹿嶋市 事務 求人,https://jp.stanby.com/r_80fbf2f0019d5567908b36c4ac992b2f,6.0,6.0,0.0,0.0,1823,1849,-26,-1.41,0
2025-11-08,鹿嶋市 事務 求人,https://jp.stanby.com/r_80fbf2f0019d5567908b36c4ac992b2f,8.0,6.0,2.0,33.33,2199,1823,376,20.63,0
2025-11-04,鹿嶋市 仕事,https://jp.stanby.com/r_bf73c29b7a3a1685296ace0983d3c86d,10.0,10.0,0.0,0.0,3732,3732,0,0.0,0
2025-11-05,鹿嶋市 仕事,https://jp.stanby.com/r_bf73c29b7a3a1685296ace0983d3c86d,10.0,10.0,0.0,0.0,4450,3732,718,19.24,0
2025-11-06,鹿嶋市 仕事,https://jp.stanby.com/r_bf73c29b7a3a1685296ace0983d3c86d,10.0,10.0,0.0,0.0,2999,4450,-1451,-32.61,0
2025-11-07,鹿嶋市 仕事,https://jp.stanby.com/r_bf73c29b7a3a1685296ace0983d3c86d,10.0,10.0,0.0,0.0,2999,2999,0,0.0,0
2025-11-03,鹿嶋市 仕事,https://jp.stanby.com/r_cff088c9c05bb28a51fb886f5cd3c688,13.0,13.0,0.0,0.0,6580,4037,2543,62.99,0
2025-11-08,鹿嶋市 仕事,https://jp.stanby.com/r_cff088c9c05bb28a51fb886f5cd3c688,13.0,13.0,0.0,0.0,4017,6580,-2563,-38.95,0
2025-11-02,鹿嶋市 募集,https://jp.stanby.com/r_cff088c9c05bb28a51fb886f5cd3c688,9.0,9.0,0.0,0.0,2149,2193,-44,-2.01,0
2025-11-03,鹿嶋市 募集,https://jp.stanby.com/r_cff088c9c05bb28a51fb886f5cd3c688,10.0,9.0,1.0,11.11,2342,2149,193,8.98,0
2025-11-04,鹿嶋市 募集,https://jp.stanby.com/r_cff088c9c05bb28a51fb886f5cd3c688,8.0,10.0,-2.0,-20.0,1992,2342,-350,-14.94,0
2025-11-05,鹿嶋市 募集,https://jp.stanby.com/r_cff088c9c05bb28a51fb886f5cd3c688,9.0,8.0,1.0,12.5,2193,1992,201,10.09,0
2025-11-06,鹿嶋市 募集,https://jp.stanby.com/r_cff088c9c05bb28a51fb886f5cd3c688,9.0,9.0,0.0,0.0,2237,2193,44,2.01,0
2025-11-07,鹿嶋市 募集,https://jp.stanby.com/r_cff088c9c05bb28a51fb886f5cd3c688,11.0,9.0,2.0,22.22,2631,2237,394,17.61,0
2025-11-08,鹿嶋市 募集,https://jp.stanby.com/r_cff088c9c05bb28a51fb886f5cd3c688,9.0,11.0,-2.0,-18.18,2149,2631,-482,-18.32,0
2025-11-02,鹿嶋市 医療事務 求人,https://jp.stanby.com/r_23bc1858ea12a17789035bc8584e5262,4.0,4.0,0.0,0.0,1513,1493,20,1.34,0
2025-11-03,鹿嶋市 医療事務 求人,https://jp.stanby.com/r_23bc1858ea12a17789035bc8584e5262,4.0,4.0,0.0,0.0,2636,1513,1123,74.22,0
2025-11-04,鹿嶋市 医療事務 求人,https://jp.stanby.com/r_23bc1858ea12a17789035bc8584e5262,4.0,4.0,0.0,0.0,1375,2636,-1261,-47.84,0
2025-11-05,鹿嶋市 医療事務 求人,https://jp.stanby.com/r_23bc1858ea12a17789035bc8584e5262,4.0,4.0,0.0,0.0,1493,1375,118,8.58,0
2025-11-06,鹿嶋市 医療事務 求人,https://jp.stanby.com/r_23bc1858ea12a17789035bc8584e5262,4.0,4.0,0.0,0.0,1493,1493,0,0.0,0
2025-11-07,鹿嶋市 医療事務 求人,https://jp.stanby.com/r_23bc1858ea12a17789035bc8584e5262,4.0,4.0,0.0,0.0,2892,1493,1399,93.7,0
2025-11-08,鹿嶋市 医療事務 求人,https://jp.stanby.com/r_23bc1858ea12a17789035bc8584e5262,4.0,4.0,0.0,0.0,1866,2892,-1026,-35.48,0
2025-11-02,鹿嶋市 正社員,https://jp.stanby.com/r_bf73c29b7a3a1685296ace0983d3c86d,10.0,7.0,3.0,42.86,2377,3650,-1273,-34.88,0
2025-11-03,鹿嶋市 正社員,https://jp.stanby.com/r_bf73c29b7a3a1685296ace0983d3c86d,8.0,10.0,-2.0,-20.0,2764,2377,387,16.28,0
2025-11-04,鹿嶋市 正社員,https://jp.stanby.com/r_bf73c29b7a3a1685296ace0983d3c86d,6.0,8.0,-2.0,-25.0,1921,2764,-843,-30.5,0
2025-11-05,鹿嶋市 正社員,https://jp.stanby.com/r_bf73c29b7a3a1685296ace0983d3c86d,8.0,6.0,2.0,33.33,2738,1921,817,42.53,0
2025-11-06,鹿嶋市 正社員,https://jp.stanby.com/r_bf73c29b7a3a1685296ace0983d3c86d,8.0,8.0,0.0,0.0,3929,2738,1191,43.5,0
2025-11-07,鹿嶋市 正社員,https://jp.stanby.com/r_bf73c29b7a3a1685296ace0983d3c86d,6.0,8.0,-2.0,-25.0,2310,3929,-1619,-41.21,0
2025-11-08,鹿嶋市 正社員,https://jp.stanby.com/r_bf73c29b7a3a1685296ace0983d3c86d,7.0,6.0,1.0,16.67,2505,2310,195,8.44,0
2025-11-02,鹿嶋市 正社員求人,https://jp.stanby.com/r_bf73c29b7a3a1685296ace0983d3c86d,6.0,4.0,2.0,50.0,2408,1493,915,61.29,0
2025-11-03,鹿嶋市 正社員求人,https://jp.stanby.com/r_bf73c29b7a3a1685296ace0983d3c86d,7.0,6.0,1.0,16.67,2609,2408,201,8.35,0
2025-11-04,鹿嶋市 正社員求人,https://jp.stanby.com/r_bf73c29b7a3a1685296ace0983d3c86d,6.0,7.0,-1.0,-14.29,2362,2609,-247,-9.47,0
2025-11-05,鹿嶋市 正社員求人,https://jp.stanby.com/r_bf73c29b7a3a1685296ace0983d3c86d,7.0,6.0,1.0,16.67,2537,2362,175,7.41,0
2025-11-06,鹿嶋市 正社員求人,https://jp.stanby.com/r_bf73c29b7a3a1685296ace0983d3c86d,7.0,7.0,0.0,0.0,3714,2537,1177,46.39,0
2025-11-07,鹿嶋市 正社員求人,https://jp.stanby.com/r_bf73c29b7a3a1685296ace0983d3c86d,4.0,7.0,-3.0,-42.86,1908,3714,-1806,-48.63,0
2025-11-08,鹿嶋市 正社員求人,https://jp.stanby.com/r_bf73c29b7a3a1685296ace0983d3c86d,8.0,4.0,4.0,100.0,2712,1908,804,42.14,0
2025-11-02,鹿嶋市 歯科衛生士 求人,https://jp.stanby.com/r_d418580f6ee0a95767b98528d2217072,7.0,6.0,1.0,16.67,2174,1973,201,10.19,0
2025-11-03,鹿嶋市 歯科衛生士 求人,https://jp.stanby.com/r_d418580f6ee0a95767b98528d2217072,7.0,7.0,0.0,0.0,2174,2174,0,0.0,0
2025-11-04,鹿嶋市 歯科衛生士 求人,https://jp.stanby.com/r_d418580f6ee0a95767b98528d2217072,6.0,7.0,-1.0,-14.29,1973,2174,-201,-9.25,0
2025-11-05,鹿嶋市 歯科衛生士 求人,https://jp.stanby.com/r_d418580f6ee0a95767b98528d2217072,6.0,6.0,0.0,0.0,1973,1973,0,0.0,0
2025-11-06,鹿嶋市 歯科衛生士 求人,https://jp.stanby.com/r_d418580f6ee0a95767b98528d2217072,6.0,6.0,0.0,0.0,1967,1973,-6,-0.3,0
2025-11-07,鹿嶋市 歯科衛生士 求人,https://jp.stanby.com/r_d418580f6ee0a95767b98528d2217072,6.0,6.0,0.0,0.0,1967,1967,0,0.0,0
2025-11-08,鹿嶋市 歯科衛生士 求人,https://jp.stanby.com/r_d418580f6ee0a95767b98528d2217072,6.0,6.0,0.0,0.0,1967,1967,0,0.0,0
2025-11-02,鹿嶋市 求人,https://jp.stanby.com/r_bf73c29b7a3a1685296ace0983d3c86d,8.0,10.0,-2.0,-20.0,2706,3393,-687,-20.25,0
2025-11-04,鹿嶋市 求人,https://jp.stanby.com/r_bf73c29b7a3a1685296ace0983d3c86d,9.0,8.0,1.0,12.5,2098,2706,-608,-22.47,0
2025-11-06,鹿嶋市 求人,https://jp.stanby.com/r_bf73c29b7a3a1685296ace0983d3c86d,9.0,9.0,0.0,0.0,2426,2098,328,15.63,0
2025-11-07,鹿嶋市 求人,https://jp.stanby.com/r_bf73c29b7a3a1685296ace0983d3c86d,7.0,9.0,-2.0,-22.22,3043,2426,617,25.43,0
2025-11-08,鹿嶋市 求人,https://jp.stanby.com/r_bf73c29b7a3a1685296ace0983d3c86d,6.0,7.0,-1.0,-14.29,2278,3043,-765,-25.14,0
2025-11-05,鹿嶋市 求人,https://jp.stanby.com/r_cff088c9c05bb28a51fb886f5cd3c688,9.0,12.0,-3.0,-25.0,2796,3602,-806,-22.38,0
2025-11-02,鹿嶋市 求人情報,https://jp.stanby.com/r_cff088c9c05bb28a51fb886f5cd3c688,14.0,16.0,-2.0,-12.5,3829,5225,-1396,-26.72,0
2025-11-03,鹿嶋市 求人情報,https://jp.stanby.com/r_cff088c9c05bb28a51fb886f5cd3c688,15.0,14.0,1.0,7.14,4633,3829,804,21.0,0
2025-11-04,鹿嶋市 求人情報,https://jp.stanby.com/r_cff088c9c05bb28a51fb886f5cd3c688,14.0,15.0,-1.0,-6.67,3739,4633,-894,-19.3,0
2025-11-05,鹿嶋市 求人情報,https://jp.stanby.com/r_cff088c9c05bb28a51fb886f5cd3c688,14.0,14.0,0.0,0.0,4313,3739,574,15.35,0
2025-11-06,鹿嶋市 求人情報,https://jp.stanby.com/r_cff088c9c05bb28a51fb886f5cd3c688,14.0,14.0,0.0,0.0,4313,4313,0,0.0,0
2025-11-07,鹿嶋市 求人情報,https://jp.stanby.com/r_cff088c9c05bb28a51fb886f5cd3c688,14.0,14.0,0.0,0.0,4455,4313,142,3.29,0
2025-11-08,鹿嶋市 求人情報,https://jp.stanby.com/r_cff088c9c05bb28a51fb886f5cd3c688,15.0,14.0,1.0,7.14,4870,4455,415,9.32,0
2025-11-02,鹿嶋市 看護師 求人,https://jp.stanby.com/r_45ca05e27a83b54e48940b8455f37cd1,7.0,8.0,-1.0,-12.5,2148,2225,-77,-3.46,0
2025-11-03,鹿嶋市 看護師 求人,https://jp.stanby.com/r_45ca05e27a83b54e48940b8455f37cd1,7.0,7.0,0.0,0.0,2076,2148,-72,-3.35,0
2025-11-04,鹿嶋市 看護師 求人,https://jp.stanby.com/r_45ca05e27a83b54e48940b8455f37cd1,8.0,7.0,1.0,14.29,2323,2076,247,11.9,0
2025-11-05,鹿嶋市 看護師 求人,https://jp.stanby.com/r_45ca05e27a83b54e48940b8455f37cd1,9.0,8.0,1.0,12.5,2524,2323,201,8.65,0
2025-11-06,鹿嶋市 看護師 求人,https://jp.stanby.com/r_45ca05e27a83b54e48940b8455f37cd1,7.0,9.0,-2.0,-22.22,2096,2524,-428,-16.96,0
2025-11-07,鹿嶋市 看護師 求人,https://jp.stanby.com/r_45ca05e27a83b54e48940b8455f37cd1,9.0,7.0,2.0,28.57,2504,2096,408,19.47,0
2025-11-08,鹿嶋市 看護師 求人,https://jp.stanby.com/r_45ca05e27a83b54e48940b8455f37cd1,7.0,9.0,-2.0,-22.22,2102,2504,-402,-16.05,0
2025-11-02,鹿沼市 アルバイト,https://jp.stanby.com/r_ea02467de59357abfe20be74cc6a7574,5.0,7.0,-2.0,-28.57,1694,1818,-124,-6.82,0
2025-11-03,鹿沼市 アルバイト,https://jp.stanby.com/r_ea02467de59357abfe20be74cc6a7574,5.0,5.0,0.0,0.0,2932,1694,1238,73.08,0
2025-11-04,鹿沼市 アルバイト,https://jp.stanby.com/r_ea02467de59357abfe20be74cc6a7574,7.0,5.0,2.0,40.0,2561,2932,-371,-12.65,0
2025-11-05,鹿沼市 アルバイト,https://jp.stanby.com/r_ea02467de59357abfe20be74cc6a7574,5.0,7.0,-2.0,-28.57,1692,2561,-869,-33.93,0
2025-11-06,鹿沼市 アルバイト,https://jp.stanby.com/r_ea02467de59357abfe20be74cc6a7574,8.0,5.0,3.0,60.0,2680,1692,988,58.39,0
2025-11-07,鹿沼市 アルバイト,https://jp.stanby.com/r_ea02467de59357abfe20be74cc6a7574,7.0,8.0,-1.0,-12.5,2439,2680,-241,-8.99,0
2025-11-08,鹿沼市 アルバイト,https://jp.stanby.com/r_ea02467de59357abfe20be74cc6a7574,7.0,7.0,0.0,0.0,2483,2439,44,1.8,0
2025-11-02,鹿沼市 バイト,https://jp.stanby.com/r_ea02467de59357abfe20be74cc6a7574,7.0,8.0,-1.0,-12.5,3784,3966,-182,-4.59,0
2025-11-03,鹿沼市 バイト,https://jp.stanby.com/r_ea02467de59357abfe20be74cc6a7574,7.0,7.0,0.0,0.0,2555,3784,-1229,-32.48,0
2025-11-04,鹿沼市 バイト,https://jp.stanby.com/r_ea02467de59357abfe20be74cc6a7574,6.0,7.0,-1.0,-14.29,1971,2555,-584,-22.86,0
2025-11-05,鹿沼市 バイト,https://jp.stanby.com/r_ea02467de59357abfe20be74cc6a7574,6.0,6.0,0.0,0.0,2328,1971,357,18.11,0
2025-11-06,鹿沼市 バイト,https://jp.stanby.com/r_ea02467de59357abfe20be74cc6a7574,8.0,6.0,2.0,33.33,2686,2328,358,15.38,0
2025-11-07,鹿沼市 バイト,https://jp.stanby.com/r_ea02467de59357abfe20be74cc6a7574,8.0,8.0,0.0,0.0,4317,2686,1631,60.72,0
2025-11-08,鹿沼市 バイト,https://jp.stanby.com/r_ea02467de59357abfe20be74cc6a7574,6.0,8.0,-2.0,-25.0,2308,4317,-2009,-46.54,0
2025-11-02,鹿沼市 パート,https://jp.stanby.com/r_ea02467de59357abfe20be74cc6a7574,6.0,8.0,-2.0,-25.0,1921,1993,-72,-3.61,0
2025-11-03,鹿沼市 パート,https://jp.stanby.com/r_ea02467de59357abfe20be74cc6a7574,6.0,6.0,0.0,0.0,2288,1921,367,19.1,0
2025-11-04,鹿沼市 パート,https://jp.stanby.com/r_ea02467de59357abfe20be74cc6a7574,6.0,6.0,0.0,0.0,1971,2288,-317,-13.85,0
2025-11-05,鹿沼市 パート,https://jp.stanby.com/r_ea02467de59357abfe20be74cc6a7574,7.0,6.0,1.0,16.67,2094,1971,123,6.24,0
2025-11-06,鹿沼市 パート,https://jp.stanby.com/r_ea02467de59357abfe20be74cc6a7574,6.0,7.0,-1.0,-14.29,2363,2094,269,12.85,0
2025-11-07,鹿沼市 パート,https://jp.stanby.com/r_ea02467de59357abfe20be74cc6a7574,6.0,6.0,0.0,0.0,1849,2363,-514,-21.75,0
2025-11-08,鹿沼市 パート,https://jp.stanby.com/r_ea02467de59357abfe20be74cc6a7574,7.0,6.0,1.0,16.67,2068,1849,219,11.84,0
2025-11-02,鹿沼市 パート求人,https://jp.stanby.com/r_ea02467de59357abfe20be74cc6a7574,6.0,8.0,-2.0,-25.0,1965,2684,-719,-26.79,0
2025-11-03,鹿沼市 パート求人,https://jp.stanby.com/r_ea02467de59357abfe20be74cc6a7574,7.0,6.0,1.0,16.67,3239,1965,1274,64.83,0
2025-11-04,鹿沼市 パート求人,https://jp.stanby.com/r_ea02467de59357abfe20be74cc6a7574,7.0,7.0,0.0,0.0,3190,3239,-49,-1.51,0
2025-11-05,鹿沼市 パート求人,https://jp.stanby.com/r_ea02467de59357abfe20be74cc6a7574,7.0,7.0,0.0,0.0,2419,3190,-771,-24.17,0
2025-11-06,鹿沼市 パート求人,https://jp.stanby.com/r_ea02467de59357abfe20be74cc6a7574,8.0,7.0,1.0,14.29,2614,2419,195,8.06,0
2025-11-07,鹿沼市 パート求人,https://jp.stanby.com/r_ea02467de59357abfe20be74cc6a7574,7.0,8.0,-1.0,-12.5,2439,2614,-175,-6.69,0
2025-11-08,鹿沼市 パート求人,https://jp.stanby.com/r_ea02467de59357abfe20be74cc6a7574,7.0,7.0,0.0,0.0,2048,2439,-391,-16.03,0
2025-11-02,鹿沼市 仕事,https://jp.stanby.com/r_1dc135eba68b00f762abfd39432a377e,5.0,5.0,0.0,0.0,2057,2121,-64,-3.02,0
2025-11-03,鹿沼市 仕事,https://jp.stanby.com/r_1dc135eba68b00f762abfd39432a377e,4.0,5.0,-1.0,-20.0,1880,2057,-177,-8.6,0
2025-11-04,鹿沼市 仕事,https://jp.stanby.com/r_1dc135eba68b00f762abfd39432a377e,5.0,4.0,1.0,25.0,2101,1880,221,11.76,0
2025-11-05,鹿沼市 仕事,https://jp.stanby.com/r_1dc135eba68b00f762abfd39432a377e,5.0,5.0,0.0,0.0,2101,2101,0,0.0,0
2025-11-06,鹿沼市 仕事,https://jp.stanby.com/r_1dc135eba68b00f762abfd39432a377e,5.0,5.0,0.0,0.0,2077,2101,-24,-1.14,0
2025-11-07,鹿沼市 仕事,https://jp.stanby.com/r_1dc135eba68b00f762abfd39432a377e,5.0,5.0,0.0,0.0,2077,2077,0,0.0,0
2025-11-08,鹿沼市 仕事,https://jp.stanby.com/r_1dc135eba68b00f762abfd39432a377e,5.0,5.0,0.0,0.0,1364,2077,-713,-34.33,0
2025-11-02,鹿沼市 正社員,https://jp.stanby.com/r_5b1849460cf9b5f9afd2b04ef8ae700a,8.0,8.0,0.0,0.0,3458,2239,1219,54.44,0
2025-11-03,鹿沼市 正社員,https://jp.stanby.com/r_5b1849460cf9b5f9afd2b04ef8ae700a,8.0,8.0,0.0,0.0,2219,3458,-1239,-35.83,0
2025-11-04,鹿沼市 正社員,https://jp.stanby.com/r_5b1849460cf9b5f9afd2b04ef8ae700a,8.0,8.0,0.0,0.0,2265,2219,46,2.07,0
2025-11-05,鹿沼市 正社員,https://jp.stanby.com/r_5b1849460cf9b5f9afd2b04ef8ae700a,8.0,8.0,0.0,0.0,2239,2265,-26,-1.15,0
2025-11-06,鹿沼市 正社員,https://jp.stanby.com/r_5b1849460cf9b5f9afd2b04ef8ae700a,8.0,8.0,0.0,0.0,2239,2239,0,0.0,0
2025-11-07,鹿沼市 正社員,https://jp.stanby.com/r_5b1849460cf9b5f9afd2b04ef8ae700a,8.0,8.0,0.0,0.0,2213,2239,-26,-1.16,0
2025-11-08,鹿沼市 正社員,https://jp.stanby.com/r_5b1849460cf9b5f9afd2b04ef8ae700a,8.0,8.0,0.0,0.0,2239,2213,26,1.17,0
2025-11-02,鹿沼市 正社員求人,https://jp.stanby.com/r_5b1849460cf9b5f9afd2b04ef8ae700a,7.0,7.0,0.0,0.0,2044,2044,0,0.0,0
2025-11-03,鹿沼市 正社員求人,https://jp.stanby.com/r_5b1849460cf9b5f9afd2b04ef8ae700a,7.0,7.0,0.0,0.0,2070,2044,26,1.27,0
2025-11-04,鹿沼市 正社員求人,https://jp.stanby.com/r_5b1849460cf9b5f9afd2b04ef8ae700a,7.0,7.0,0.0,0.0,2090,2070,20,0.97,0
2025-11-05,鹿沼市 正社員求人,https://jp.stanby.com/r_5b1849460cf9b5f9afd2b04ef8ae700a,7.0,7.0,0.0,0.0,2090,2090,0,0.0,0
2025-11-06,鹿沼市 正社員求人,https://jp.stanby.com/r_5b1849460cf9b5f9afd2b04ef8ae700a,7.0,7.0,0.0,0.0,3322,2090,1232,58.95,0
2025-11-07,鹿沼市 正社員求人,https://jp.stanby.com/r_5b1849460cf9b5f9afd2b04ef8ae700a,7.0,7.0,0.0,0.0,2994,3322,-328,-9.87,0
2025-11-08,鹿沼市 正社員求人,https://jp.stanby.com/r_5b1849460cf9b5f9afd2b04ef8ae700a,8.0,7.0,1.0,14.29,2239,2994,-755,-25.22,0
2025-11-02,鹿沼市 求人,https://jp.stanby.com/r_1dc135eba68b00f762abfd39432a377e,7.0,7.0,0.0,0.0,2623,3139,-516,-16.44,0
2025-11-03,鹿沼市 求人,https://jp.stanby.com/r_1dc135eba68b00f762abfd39432a377e,6.0,7.0,-1.0,-14.29,2448,2623,-175,-6.67,0
2025-11-04,鹿沼市 求人,https://jp.stanby.com/r_1dc135eba68b00f762abfd39432a377e,4.0,6.0,-2.0,-33.33,2110,2448,-338,-13.81,0
2025-11-05,鹿沼市 求人,https://jp.stanby.com/r_1dc135eba68b00f762abfd39432a377e,6.0,4.0,2.0,50.0,2442,2110,332,15.73,0
2025-11-07,鹿沼市 求人,https://jp.stanby.com/r_1dc135eba68b00f762abfd39432a377e,9.0,6.0,3.0,50.0,3019,2442,577,23.63,0
2025-11-08,鹿沼市 求人,https://jp.stanby.com/r_ea02467de59357abfe20be74cc6a7574,23.0,19.0,4.0,21.05,7725,5537,2188,39.52,0
2025-11-02,鹿沼市 求人募集,https://jp.stanby.com/r_1dc135eba68b00f762abfd39432a377e,9.0,7.0,2.0,28.57,3043,2479,564,22.75,0
2025-11-03,鹿沼市 求人募集,https://jp.stanby.com/r_1dc135eba68b00f762abfd39432a377e,6.0,9.0,-3.0,-33.33,2900,3043,-143,-4.7,0
2025-11-04,鹿沼市 求人募集,https://jp.stanby.com/r_1dc135eba68b00f762abfd39432a377e,7.0,6.0,1.0,16.67,2483,2900,-417,-14.38,0
2025-11-05,鹿沼市 求人募集,https://jp.stanby.com/r_1dc135eba68b00f762abfd39432a377e,7.0,7.0,0.0,0.0,2439,2483,-44,-1.77,0
2025-11-06,鹿沼市 求人募集,https://jp.stanby.com/r_1dc135eba68b00f762abfd39432a377e,6.0,7.0,-1.0,-14.29,2302,2439,-137,-5.62,0
2025-11-07,鹿沼市 求人募集,https://jp.stanby.com/r_1dc135eba68b00f762abfd39432a377e,9.0,6.0,3.0,50.0,4598,2302,2296,99.74,0
2025-11-08,鹿沼市 求人募集,https://jp.stanby.com/r_1dc135eba68b00f762abfd39432a377e,8.0,9.0,-1.0,-11.11,2666,4598,-1932,-42.02,0
2025-11-03,鹿沼市 求人情報,https://jp.stanby.com/r_1dc135eba68b00f762abfd39432a377e,9.0,10.0,-1.0,-10.0,4240,3945,295,7.48,0
2025-11-04,鹿沼市 求人情報,https://jp.stanby.com/r_1dc135eba68b00f762abfd39432a377e,9.0,9.0,0.0,0.0,2951,4240,-1289,-30.4,0
2025-11-05,鹿沼市 求人情報,https://jp.stanby.com/r_1dc135eba68b00f762abfd39432a377e,9.0,9.0,0.0,0.0,3025,2951,74,2.51,0
2025-11-07,鹿沼市 求人情報,https://jp.stanby.com/r_6bdb8203de577df4041f992d1c0d069f,10.0,20.0,-10.0,-50.0,3337,5778,-2441,-42.25,0
2025-11-08,鹿沼市 求人情報,https://jp.stanby.com/r_6bdb8203de577df4041f992d1c0d069f,26.0,10.0,16.0,160.0,8328,3337,4991,149.57,0
2025-11-02,鹿沼市 看護師 求人,https://jp.stanby.com/r_cbed3b015cbb160d2b46972bb97bcd34,8.0,8.0,0.0,0.0,2291,2265,26,1.15,0
2025-11-03,鹿沼市 看護師 求人,https://jp.stanby.com/r_cbed3b015cbb160d2b46972bb97bcd34,8.0,8.0,0.0,0.0,2265,2291,-26,-1.13,0
2025-11-04,鹿沼市 看護師 求人,https://jp.stanby.com/r_cbed3b015cbb160d2b46972bb97bcd34,6.0,8.0,-2.0,-25.0,1132,2265,-1133,-50.02,0
2025-11-05,鹿沼市 看護師 求人,https://jp.stanby.com/r_cbed3b015cbb160d2b46972bb97bcd34,7.0,6.0,1.0,16.67,2122,1132,990,87.46,0
2025-11-06,鹿沼市 看護師 求人,https://jp.stanby.com/r_cbed3b015cbb160d2b46972bb97bcd34,8.0,7.0,1.0,14.29,2297,2122,175,8.25,0
2025-11-07,鹿沼市 看護師 求人,https://jp.stanby.com/r_cbed3b015cbb160d2b46972bb97bcd34,9.0,8.0,1.0,12.5,2498,2297,201,8.75,0
2025-11-08,鹿沼市 看護師 求人,https://jp.stanby.com/r_cbed3b015cbb160d2b46972bb97bcd34,7.0,9.0,-2.0,-22.22,2122,2498,-376,-15.05,0
2025-11-02,鹿角市 アルバイト,https://jp.stanby.com/r_a4680d1a0dc8b9dce2baa295411be94d,5.0,7.0,-2.0,-28.57,2073,2665,-592,-22.21,0
2025-11-03,鹿角市 アルバイト,https://jp.stanby.com/r_a4680d1a0dc8b9dce2baa295411be94d,5.0,5.0,0.0,0.0,2641,2073,568,27.4,0
2025-11-04,鹿角市 アルバイト,https://jp.stanby.com/r_a4680d1a0dc8b9dce2baa295411be94d,5.0,5.0,0.0,0.0,2073,2641,-568,-21.51,0
2025-11-05,鹿角市 アルバイト,https://jp.stanby.com/r_a4680d1a0dc8b9dce2baa295411be94d,6.0,5.0,1.0,20.0,2340,2073,267,12.88,0
2025-11-06,鹿角市 アルバイト,https://jp.stanby.com/r_a4680d1a0dc8b9dce2baa295411be94d,6.0,6.0,0.0,0.0,2320,2340,-20,-0.85,0
2025-11-07,鹿角市 アルバイト,https://jp.stanby.com/r_a4680d1a0dc8b9dce2baa295411be94d,6.0,6.0,0.0,0.0,2928,2320,608,26.21,0
2025-11-08,鹿角市 アルバイト,https://jp.stanby.com/r_a4680d1a0dc8b9dce2baa295411be94d,6.0,6.0,0.0,0.0,2914,2928,-14,-0.48,0
2025-11-02,鹿角市 仕事,https://jp.stanby.com/r_528ea1e7c1d4cb89a49c32483830d7a9,7.0,8.0,-1.0,-12.5,2665,2860,-195,-6.82,0
2025-11-03,鹿角市 仕事,https://jp.stanby.com/r_528ea1e7c1d4cb89a49c32483830d7a9,8.0,7.0,1.0,14.29,2866,2665,201,7.54,0
2025-11-04,鹿角市 仕事,https://jp.stanby.com/r_528ea1e7c1d4cb89a49c32483830d7a9,8.0,8.0,0.0,0.0,2866,2866,0,0.0,0
2025-11-05,鹿角市 仕事,https://jp.stanby.com/r_528ea1e7c1d4cb89a49c32483830d7a9,8.0,8.0,0.0,0.0,3960,2866,1094,38.17,0
2025-11-06,鹿角市 仕事,https://jp.stanby.com/r_528ea1e7c1d4cb89a49c32483830d7a9,8.0,8.0,0.0,0.0,4092,3960,132,3.33,0
2025-11-07,鹿角市 仕事,https://jp.stanby.com/r_528ea1e7c1d4cb89a49c32483830d7a9,8.0,8.0,0.0,0.0,2866,4092,-1226,-29.96,0
2025-11-08,鹿角市 仕事,https://jp.stanby.com/r_528ea1e7c1d4cb89a49c32483830d7a9,7.0,8.0,-1.0,-12.5,2659,2866,-207,-7.22,0
2025-11-02,鹿角市 求人,https://jp.stanby.com/r_528ea1e7c1d4cb89a49c32483830d7a9,8.0,7.0,1.0,14.29,2892,2745,147,5.36,0
2025-11-03,鹿角市 求人,https://jp.stanby.com/r_528ea1e7c1d4cb89a49c32483830d7a9,8.0,8.0,0.0,0.0,2866,2892,-26,-0.9,0
2025-11-05,鹿角市 求人,https://jp.stanby.com/r_528ea1e7c1d4cb89a49c32483830d7a9,7.0,8.0,-1.0,-12.5,2751,2866,-115,-4.01,0
2025-11-06,鹿角市 求人,https://jp.stanby.com/r_528ea1e7c1d4cb89a49c32483830d7a9,8.0,7.0,1.0,14.29,2225,2751,-526,-19.12,0
2025-11-07,鹿角市 求人,https://jp.stanby.com/r_528ea1e7c1d4cb89a49c32483830d7a9,7.0,8.0,-1.0,-12.5,2116,2225,-109,-4.9,0
2025-11-08,鹿角市 求人,https://jp.stanby.com/r_528ea1e7c1d4cb89a49c32483830d7a9,7.0,7.0,0.0,0.0,2142,2116,26,1.23,0
2025-11-03,鹿角市 求人情報,https://jp.stanby.com/r_528ea1e7c1d4cb89a49c32483830d7a9,8.0,8.0,0.0,0.0,2297,4487,-2190,-48.81,0
2025-11-04,鹿角市 求人情報,https://jp.stanby.com/r_528ea1e7c1d4cb89a49c32483830d7a9,8.0,8.0,0.0,0.0,2297,2297,0,0.0,0
2025-11-05,鹿角市 求人情報,https://jp.stanby.com/r_528ea1e7c1d4cb89a49c32483830d7a9,8.0,8.0,0.0,0.0,2225,2297,-72,-3.13,0
2025-11-06,鹿角市 求人情報,https://jp.stanby.com/r_528ea1e7c1d4cb89a49c32483830d7a9,7.0,8.0,-1.0,-12.5,2044,2225,-181,-8.13,0
2025-11-07,鹿角市 求人情報,https://jp.stanby.com/r_528ea1e7c1d4cb89a49c32483830d7a9,7.0,7.0,0.0,0.0,3869,2044,1825,89.29,0
2025-11-08,鹿角市 求人情報,https://jp.stanby.com/r_528ea1e7c1d4cb89a49c32483830d7a9,7.0,7.0,0.0,0.0,2633,3869,-1236,-31.95,0
2025-11-02,麻生駅 バイト,https://jp.stanby.com/r_d4057524b2b6b97bf195384c5a61f444,7.0,8.0,-1.0,-12.5,2110,2311,-201,-8.7,0
2025-11-03,麻生駅 バイト,https://jp.stanby.com/r_d4057524b2b6b97bf195384c5a61f444,7.0,7.0,0.0,0.0,3246,2110,1136,53.84,0
2025-11-04,麻生駅 バイト,https://jp.stanby.com/r_d4057524b2b6b97bf195384c5a61f444,7.0,7.0,0.0,0.0,2142,3246,-1104,-34.01,0
2025-11-05,麻生駅 バイト,https://jp.stanby.com/r_d4057524b2b6b97bf195384c5a61f444,7.0,7.0,0.0,0.0,2562,2142,420,19.61,0
2025-11-06,麻生駅 バイト,https://jp.stanby.com/r_d4057524b2b6b97bf195384c5a61f444,7.0,7.0,0.0,0.0,3119,2562,557,21.74,0
2025-11-07,麻生駅 バイト,https://jp.stanby.com/r_d4057524b2b6b97bf195384c5a61f444,8.0,7.0,1.0,14.29,2297,3119,-822,-26.35,0
2025-11-08,麻生駅 バイト,https://jp.stanby.com/r_d4057524b2b6b97bf195384c5a61f444,7.0,8.0,-1.0,-12.5,2136,2297,-161,-7.01,0
2025-11-02,麻生駅 求人,https://jp.stanby.com/r_d4057524b2b6b97bf195384c5a61f444,6.0,6.0,0.0,0.0,1935,1909,26,1.36,0
2025-11-03,麻生駅 求人,https://jp.stanby.com/r_d4057524b2b6b97bf195384c5a61f444,6.0,6.0,0.0,0.0,3184,1935,1249,64.55,0
2025-11-04,麻生駅 求人,https://jp.stanby.com/r_d4057524b2b6b97bf195384c5a61f444,7.0,6.0,1.0,16.67,2116,3184,-1068,-33.54,0
2025-11-05,麻生駅 求人,https://jp.stanby.com/r_d4057524b2b6b97bf195384c5a61f444,6.0,7.0,-1.0,-14.29,1889,2116,-227,-10.73,0
2025-11-06,麻生駅 求人,https://jp.stanby.com/r_d4057524b2b6b97bf195384c5a61f444,7.0,6.0,1.0,16.67,2162,1889,273,14.45,0
2025-11-07,麻生駅 求人,https://jp.stanby.com/r_d4057524b2b6b97bf195384c5a61f444,7.0,7.0,0.0,0.0,2090,2162,-72,-3.33,0
2025-11-08,麻生駅 求人,https://jp.stanby.com/r_d4057524b2b6b97bf195384c5a61f444,6.0,7.0,-1.0,-14.29,1961,2090,-129,-6.17,0
2025-11-02,黒崎駅 バイト,https://jp.stanby.com/r_26bb4bdcfff071b23eec70da05644742,6.0,6.0,0.0,0.0,1284,1284,0,0.0,0
2025-11-03,黒崎駅 バイト,https://jp.stanby.com/r_26bb4bdcfff071b23eec70da05644742,6.0,6.0,0.0,0.0,1284,1284,0,0.0,0
2025-11-04,黒崎駅 バイト,https://jp.stanby.com/r_26bb4bdcfff071b23eec70da05644742,6.0,6.0,0.0,0.0,1284,1284,0,0.0,0
2025-11-05,黒崎駅 バイト,https://jp.stanby.com/r_26bb4bdcfff071b23eec70da05644742,6.0,6.0,0.0,0.0,2367,1284,1083,84.35,0
2025-11-06,黒崎駅 バイト,https://jp.stanby.com/r_26bb4bdcfff071b23eec70da05644742,6.0,6.0,0.0,0.0,1284,2367,-1083,-45.75,0
2025-11-07,黒崎駅 バイト,https://jp.stanby.com/r_26bb4bdcfff071b23eec70da05644742,6.0,6.0,0.0,0.0,1284,1284,0,0.0,0
2025-11-08,黒崎駅 バイト,https://jp.stanby.com/r_26bb4bdcfff071b23eec70da05644742,6.0,6.0,0.0,0.0,1895,1284,611,47.59,0
2025-11-02,黒崎駅 求人,https://jp.stanby.com/r_1cd4afe01e3cf466762a5717d6f37217,4.0,4.0,0.0,0.0,1539,1513,26,1.72,0
2025-11-03,黒崎駅 求人,https://jp.stanby.com/r_1cd4afe01e3cf466762a5717d6f37217,4.0,4.0,0.0,0.0,1493,1539,-46,-2.99,0
2025-11-04,黒崎駅 求人,https://jp.stanby.com/r_1cd4afe01e3cf466762a5717d6f37217,4.0,4.0,0.0,0.0,1493,1493,0,0.0,0
2025-11-05,黒崎駅 求人,https://jp.stanby.com/r_1cd4afe01e3cf466762a5717d6f37217,5.0,4.0,1.0,25.0,1694,1493,201,13.46,0
2025-11-06,黒崎駅 求人,https://jp.stanby.com/r_1cd4afe01e3cf466762a5717d6f37217,4.0,5.0,-1.0,-20.0,1493,1694,-201,-11.87,0
2025-11-07,黒崎駅 求人,https://jp.stanby.com/r_1cd4afe01e3cf466762a5717d6f37217,4.0,4.0,0.0,0.0,2428,1493,935,62.63,0
2025-11-08,黒崎駅 求人,https://jp.stanby.com/r_1cd4afe01e3cf466762a5717d6f37217,5.0,4.0,1.0,25.0,1746,2428,-682,-28.09,0
2025-11-02,黒川駅 バイト,https://jp.stanby.com/r_1fc65d6232f08e772723d0e2a13b792f,6.0,7.0,-1.0,-14.29,1869,2096,-227,-10.83,0
2025-11-03,黒川駅 バイト,https://jp.stanby.com/r_1fc65d6232f08e772723d0e2a13b792f,6.0,6.0,0.0,0.0,3051,1869,1182,63.24,0
2025-11-04,黒川駅 バイト,https://jp.stanby.com/r_1fc65d6232f08e772723d0e2a13b792f,8.0,6.0,2.0,33.33,2291,3051,-760,-24.91,0
2025-11-05,黒川駅 バイト,https://jp.stanby.com/r_1fc65d6232f08e772723d0e2a13b792f,6.0,8.0,-2.0,-25.0,1889,2291,-402,-17.55,0
2025-11-06,黒川駅 バイト,https://jp.stanby.com/r_1fc65d6232f08e772723d0e2a13b792f,6.0,6.0,0.0,0.0,3101,1889,1212,64.16,0
2025-11-07,黒川駅 バイト,https://jp.stanby.com/r_1fc65d6232f08e772723d0e2a13b792f,6.0,6.0,0.0,0.0,1889,3101,-1212,-39.08,0
2025-11-08,黒川駅 バイト,https://jp.stanby.com/r_1fc65d6232f08e772723d0e2a13b792f,6.0,6.0,0.0,0.0,1889,1889,0,0.0,0
2025-11-02,黒川駅 求人,https://jp.stanby.com/r_1fc65d6232f08e772723d0e2a13b792f,6.0,5.0,1.0,20.0,1895,1694,201,11.87,0
2025-11-03,黒川駅 求人,https://jp.stanby.com/r_1fc65d6232f08e772723d0e2a13b792f,7.0,6.0,1.0,16.67,2050,1895,155,8.18,0
2025-11-04,黒川駅 求人,https://jp.stanby.com/r_1fc65d6232f08e772723d0e2a13b792f,9.0,7.0,2.0,28.57,2472,2050,422,20.59,0
2025-11-05,黒川駅 求人,https://jp.stanby.com/r_1fc65d6232f08e772723d0e2a13b792f,8.0,9.0,-1.0,-11.11,1508,2472,-964,-39.0,0
2025-11-06,黒川駅 求人,https://jp.stanby.com/r_1fc65d6232f08e772723d0e2a13b792f,6.0,8.0,-2.0,-25.0,1863,1508,355,23.54,0
2025-11-07,黒川駅 求人,https://jp.stanby.com/r_1fc65d6232f08e772723d0e2a13b792f,5.0,6.0,-1.0,-16.67,1668,1863,-195,-10.47,0
2025-11-08,黒川駅 求人,https://jp.stanby.com/r_1fc65d6232f08e772723d0e2a13b792f,9.0,5.0,4.0,80.0,2492,1668,824,49.4,0
2025-11-02,黒潮町 仕事,https://jp.stanby.com/r_6abe9771ce76fdc57d81e947ad374a94,5.0,5.0,0.0,0.0,1636,879,757,86.12,0
2025-11-03,黒潮町 仕事,https://jp.stanby.com/r_6abe9771ce76fdc57d81e947ad374a94,5.0,5.0,0.0,0.0,879,1636,-757,-46.27,0
2025-11-04,黒潮町 仕事,https://jp.stanby.com/r_6abe9771ce76fdc57d81e947ad374a94,5.0,5.0,0.0,0.0,1662,879,783,89.08,0
2025-11-05,黒潮町 仕事,https://jp.stanby.com/r_6abe9771ce76fdc57d81e947ad374a94,5.0,5.0,0.0,0.0,2823,1662,1161,69.86,0
2025-11-06,黒潮町 仕事,https://jp.stanby.com/r_6abe9771ce76fdc57d81e947ad374a94,6.0,5.0,1.0,20.0,2531,2823,-292,-10.34,0
2025-11-07,黒潮町 仕事,https://jp.stanby.com/r_6abe9771ce76fdc57d81e947ad374a94,5.0,6.0,-1.0,-16.67,1662,2531,-869,-34.33,0
2025-11-08,黒潮町 仕事,https://jp.stanby.com/r_6abe9771ce76fdc57d81e947ad374a94,5.0,5.0,0.0,0.0,1662,1662,0,0.0,0
2025-11-02,黒潮町 求人,https://jp.stanby.com/r_6abe9771ce76fdc57d81e947ad374a94,4.0,4.0,0.0,0.0,2048,2048,0,0.0,0
2025-11-03,黒潮町 求人,https://jp.stanby.com/r_6abe9771ce76fdc57d81e947ad374a94,4.0,4.0,0.0,0.0,2048,2048,0,0.0,0
2025-11-04,黒潮町 求人,https://jp.stanby.com/r_6abe9771ce76fdc57d81e947ad374a94,4.0,4.0,0.0,0.0,2048,2048,0,0.0,0
2025-11-05,黒潮町 求人,https://jp.stanby.com/r_6abe9771ce76fdc57d81e947ad374a94,4.0,4.0,0.0,0.0,2048,2048,0,0.0,0
2025-11-06,黒潮町 求人,https://jp.stanby.com/r_6abe9771ce76fdc57d81e947ad374a94,4.0,4.0,0.0,0.0,2048,2048,0,0.0,0
2025-11-07,黒潮町 求人,https://jp.stanby.com/r_6abe9771ce76fdc57d81e947ad374a94,4.0,4.0,0.0,0.0,1487,2048,-561,-27.39,0
2025-11-08,黒潮町 求人,https://jp.stanby.com/r_6abe9771ce76fdc57d81e947ad374a94,4.0,4.0,0.0,0.0,1902,1487,415,27.91,0
2025-11-02,黒石市 アルバイト,https://jp.stanby.com/r_c90ef60b538c9cb117ee7e17808d1b09,6.0,8.0,-2.0,-25.0,2342,2732,-390,-14.28,0
2025-11-03,黒石市 アルバイト,https://jp.stanby.com/r_c90ef60b538c9cb117ee7e17808d1b09,8.0,6.0,2.0,33.33,2712,2342,370,15.8,0
2025-11-04,黒石市 アルバイト,https://jp.stanby.com/r_c90ef60b538c9cb117ee7e17808d1b09,7.0,8.0,-1.0,-12.5,2537,2712,-175,-6.45,0
2025-11-05,黒石市 アルバイト,https://jp.stanby.com/r_c90ef60b538c9cb117ee7e17808d1b09,7.0,7.0,0.0,0.0,2485,2537,-52,-2.05,0
2025-11-06,黒石市 アルバイト,https://jp.stanby.com/r_c90ef60b538c9cb117ee7e17808d1b09,7.0,7.0,0.0,0.0,3720,2485,1235,49.7,0
2025-11-07,黒石市 アルバイト,https://jp.stanby.com/r_c90ef60b538c9cb117ee7e17808d1b09,8.0,7.0,1.0,14.29,2706,3720,-1014,-27.26,0
2025-11-08,黒石市 アルバイト,https://jp.stanby.com/r_c90ef60b538c9cb117ee7e17808d1b09,6.0,8.0,-2.0,-25.0,1849,2706,-857,-31.67,0
2025-11-02,黒石市 バイト,https://jp.stanby.com/r_c90ef60b538c9cb117ee7e17808d1b09,8.0,8.0,0.0,0.0,2770,2692,78,2.9,0
2025-11-03,黒石市 バイト,https://jp.stanby.com/r_c90ef60b538c9cb117ee7e17808d1b09,8.0,8.0,0.0,0.0,1975,2770,-795,-28.7,0
2025-11-04,黒石市 バイト,https://jp.stanby.com/r_c90ef60b538c9cb117ee7e17808d1b09,7.0,8.0,-1.0,-12.5,2537,1975,562,28.46,0
2025-11-05,黒石市 バイト,https://jp.stanby.com/r_c90ef60b538c9cb117ee7e17808d1b09,8.0,7.0,1.0,14.29,2686,2537,149,5.87,0
2025-11-06,黒石市 バイト,https://jp.stanby.com/r_c90ef60b538c9cb117ee7e17808d1b09,8.0,8.0,0.0,0.0,2686,2686,0,0.0,0
2025-11-07,黒石市 バイト,https://jp.stanby.com/r_c90ef60b538c9cb117ee7e17808d1b09,7.0,8.0,-1.0,-12.5,2485,2686,-201,-7.48,0
2025-11-08,黒石市 バイト,https://jp.stanby.com/r_c90ef60b538c9cb117ee7e17808d1b09,7.0,7.0,0.0,0.0,2465,2485,-20,-0.8,0
2025-11-02,黒石市 パート,https://jp.stanby.com/r_d0af72e0a385985b33e9a0adbde77003,6.0,5.0,1.0,20.0,1875,2083,-208,-9.99,0
2025-11-03,黒石市 パート,https://jp.stanby.com/r_d0af72e0a385985b33e9a0adbde77003,5.0,6.0,-1.0,-16.67,3285,1875,1410,75.2,0
2025-11-04,黒石市 パート,https://jp.stanby.com/r_d0af72e0a385985b33e9a0adbde77003,5.0,5.0,0.0,0.0,2083,3285,-1202,-36.59,0
2025-11-05,黒石市 パート,https://jp.stanby.com/r_d0af72e0a385985b33e9a0adbde77003,5.0,5.0,0.0,0.0,2057,2083,-26,-1.25,0
2025-11-06,黒石市 パート,https://jp.stanby.com/r_d0af72e0a385985b33e9a0adbde77003,5.0,5.0,0.0,0.0,1662,2057,-395,-19.2,0
2025-11-07,黒石市 パート,https://jp.stanby.com/r_d0af72e0a385985b33e9a0adbde77003,5.0,5.0,0.0,0.0,2651,1662,989,59.51,0
2025-11-08,黒石市 パート,https://jp.stanby.com/r_d0af72e0a385985b33e9a0adbde77003,5.0,5.0,0.0,0.0,1648,2651,-1003,-37.83,0
2025-11-02,黒石市 パート求人,https://jp.stanby.com/r_d0af72e0a385985b33e9a0adbde77003,4.0,5.0,-1.0,-20.0,1888,2057,-169,-8.22,0
2025-11-03,黒石市 パート求人,https://jp.stanby.com/r_d0af72e0a385985b33e9a0adbde77003,5.0,4.0,1.0,25.0,2037,1888,149,7.89,0
2025-11-04,黒石市 パート求人,https://jp.stanby.com/r_d0af72e0a385985b33e9a0adbde77003,4.0,5.0,-1.0,-20.0,1882,2037,-155,-7.61,0
2025-11-05,黒石市 パート求人,https://jp.stanby.com/r_d0af72e0a385985b33e9a0adbde77003,5.0,4.0,1.0,25.0,3291,1882,1409,74.87,0
2025-11-06,黒石市 パート求人,https://jp.stanby.com/r_d0af72e0a385985b33e9a0adbde77003,6.0,5.0,1.0,20.0,2258,3291,-1033,-31.39,0
2025-11-07,黒石市 パート求人,https://jp.stanby.com/r_d0af72e0a385985b33e9a0adbde77003,4.0,6.0,-2.0,-33.33,2878,2258,620,27.46,0
2025-11-08,黒石市 パート求人,https://jp.stanby.com/r_d0af72e0a385985b33e9a0adbde77003,5.0,4.0,1.0,25.0,2631,2878,-247,-8.58,0
2025-11-02,黒石市 仕事,https://jp.stanby.com/r_2ae67e8bb67ad7c62baa185ea43d0903,9.0,8.0,1.0,12.5,2905,2736,169,6.18,0
2025-11-03,黒石市 仕事,https://jp.stanby.com/r_2ae67e8bb67ad7c62baa185ea43d0903,8.0,9.0,-1.0,-11.11,2658,2905,-247,-8.5,0
2025-11-04,黒石市 仕事,https://jp.stanby.com/r_2ae67e8bb67ad7c62baa185ea43d0903,8.0,8.0,0.0,0.0,2704,2658,46,1.73,0
2025-11-05,黒石市 仕事,https://jp.stanby.com/r_2ae67e8bb67ad7c62baa185ea43d0903,8.0,8.0,0.0,0.0,2704,2704,0,0.0,0
2025-11-06,黒石市 仕事,https://jp.stanby.com/r_2ae67e8bb67ad7c62baa185ea43d0903,8.0,8.0,0.0,0.0,3733,2704,1029,38.05,0
2025-11-07,黒石市 仕事,https://jp.stanby.com/r_2ae67e8bb67ad7c62baa185ea43d0903,8.0,8.0,0.0,0.0,2666,3733,-1067,-28.58,0
2025-11-08,黒石市 仕事,https://jp.stanby.com/r_2ae67e8bb67ad7c62baa185ea43d0903,7.0,8.0,-1.0,-12.5,2477,2666,-189,-7.09,0
2025-11-03,黒石市 求人,https://jp.stanby.com/r_2ae67e8bb67ad7c62baa185ea43d0903,7.0,7.0,0.0,0.0,2459,2535,-76,-3.0,0
2025-11-05,黒石市 求人,https://jp.stanby.com/r_2ae67e8bb67ad7c62baa185ea43d0903,9.0,7.0,2.0,28.57,2885,2459,426,17.32,0
2025-11-06,黒石市 求人,https://jp.stanby.com/r_2ae67e8bb67ad7c62baa185ea43d0903,9.0,9.0,0.0,0.0,2887,2885,2,0.07,0
2025-11-07,黒石市 求人,https://jp.stanby.com/r_2ae67e8bb67ad7c62baa185ea43d0903,8.0,9.0,-1.0,-11.11,2692,2887,-195,-6.75,0
2025-11-08,黒石市 求人,https://jp.stanby.com/r_2ae67e8bb67ad7c62baa185ea43d0903,8.0,8.0,0.0,0.0,4388,2692,1696,63.0,0
2025-11-04,黒石市 求人,https://jp.stanby.com/r_7b3e32be0236cc5abc0f1ffe8dd57d73,16.0,13.0,3.0,23.08,6042,4034,2008,49.78,0
2025-11-02,黒石市 求人情報,https://jp.stanby.com/r_2ae67e8bb67ad7c62baa185ea43d0903,10.0,11.0,-1.0,-9.09,3761,3652,109,2.98,0
2025-11-03,黒石市 求人情報,https://jp.stanby.com/r_2ae67e8bb67ad7c62baa185ea43d0903,11.0,10.0,1.0,10.0,3931,3761,170,4.52,0
2025-11-04,黒石市 求人情報,https://jp.stanby.com/r_2ae67e8bb67ad7c62baa185ea43d0903,11.0,11.0,0.0,0.0,3962,3931,31,0.79,0
2025-11-05,黒石市 求人情報,https://jp.stanby.com/r_2ae67e8bb67ad7c62baa185ea43d0903,9.0,11.0,-2.0,-18.18,2899,3962,-1063,-26.83,0
2025-11-06,黒石市 求人情報,https://jp.stanby.com/r_2ae67e8bb67ad7c62baa185ea43d0903,10.0,9.0,1.0,11.11,3062,2899,163,5.62,0
2025-11-07,黒石市 求人情報,https://jp.stanby.com/r_2ae67e8bb67ad7c62baa185ea43d0903,9.0,10.0,-1.0,-10.0,3629,3062,567,18.52,0
2025-11-02,黒部市 アルバイト,https://jp.stanby.com/r_a3775bca971ce3d388db3e9d18b92653,9.0,9.0,0.0,0.0,2518,4120,-1602,-38.88,0
2025-11-03,黒部市 アルバイト,https://jp.stanby.com/r_a3775bca971ce3d388db3e9d18b92653,9.0,9.0,0.0,0.0,2907,2518,389,15.45,0
2025-11-04,黒部市 アルバイト,https://jp.stanby.com/r_a3775bca971ce3d388db3e9d18b92653,9.0,9.0,0.0,0.0,2893,2907,-14,-0.48,0
2025-11-05,黒部市 アルバイト,https://jp.stanby.com/r_a3775bca971ce3d388db3e9d18b92653,9.0,9.0,0.0,0.0,2867,2893,-26,-0.9,0
2025-11-06,黒部市 アルバイト,https://jp.stanby.com/r_a3775bca971ce3d388db3e9d18b92653,9.0,9.0,0.0,0.0,2841,2867,-26,-0.91,0
2025-11-08,黒部市 アルバイト,https://jp.stanby.com/r_a3775bca971ce3d388db3e9d18b92653,10.0,9.0,1.0,11.11,3717,2841,876,30.83,0
2025-11-02,黒部市 バイト,https://jp.stanby.com/r_a3775bca971ce3d388db3e9d18b92653,8.0,9.0,-1.0,-11.11,3849,2867,982,34.25,0
2025-11-03,黒部市 バイト,https://jp.stanby.com/r_a3775bca971ce3d388db3e9d18b92653,8.0,8.0,0.0,0.0,2706,3849,-1143,-29.7,0
2025-11-04,黒部市 バイト,https://jp.stanby.com/r_a3775bca971ce3d388db3e9d18b92653,9.0,8.0,1.0,12.5,2893,2706,187,6.91,0
2025-11-05,黒部市 バイト,https://jp.stanby.com/r_a3775bca971ce3d388db3e9d18b92653,9.0,9.0,0.0,0.0,3389,2893,496,17.14,0
2025-11-06,黒部市 バイト,https://jp.stanby.com/r_a3775bca971ce3d388db3e9d18b92653,11.0,9.0,2.0,22.22,5849,3389,2460,72.59,0
2025-11-07,黒部市 バイト,https://jp.stanby.com/r_a3775bca971ce3d388db3e9d18b92653,12.0,11.0,1.0,9.09,4687,5849,-1162,-19.87,0
2025-11-08,黒部市 バイト,https://jp.stanby.com/r_a3775bca971ce3d388db3e9d18b92653,11.0,12.0,-1.0,-8.33,4737,4687,50,1.07,0
2025-11-02,黒部市 パート,https://jp.stanby.com/r_a3775bca971ce3d388db3e9d18b92653,4.0,5.0,-1.0,-20.0,1438,1573,-135,-8.58,0
2025-11-03,黒部市 パート,https://jp.stanby.com/r_a3775bca971ce3d388db3e9d18b92653,4.0,4.0,0.0,0.0,1467,1438,29,2.02,0
2025-11-04,黒部市 パート,https://jp.stanby.com/r_a3775bca971ce3d388db3e9d18b92653,4.0,4.0,0.0,0.0,1412,1467,-55,-3.75,0
2025-11-05,黒部市 パート,https://jp.stanby.com/r_a3775bca971ce3d388db3e9d18b92653,5.0,4.0,1.0,25.0,2840,1412,1428,101.13,0
2025-11-06,黒部市 パート,https://jp.stanby.com/r_a3775bca971ce3d388db3e9d18b92653,4.0,5.0,-1.0,-20.0,1412,2840,-1428,-50.28,0
2025-11-07,黒部市 パート,https://jp.stanby.com/r_a3775bca971ce3d388db3e9d18b92653,4.0,4.0,0.0,0.0,1438,1412,26,1.84,0
2025-11-08,黒部市 パート,https://jp.stanby.com/r_a3775bca971ce3d388db3e9d18b92653,4.0,4.0,0.0,0.0,1392,1438,-46,-3.2,0
2025-11-02,黒部市 パート求人,https://jp.stanby.com/r_a3775bca971ce3d388db3e9d18b92653,4.0,4.0,0.0,0.0,730,1453,-723,-49.76,0
2025-11-03,黒部市 パート求人,https://jp.stanby.com/r_a3775bca971ce3d388db3e9d18b92653,4.0,4.0,0.0,0.0,2261,730,1531,209.73,0
2025-11-04,黒部市 パート求人,https://jp.stanby.com/r_a3775bca971ce3d388db3e9d18b92653,5.0,4.0,1.0,25.0,2894,2261,633,28.0,0
2025-11-05,黒部市 パート求人,https://jp.stanby.com/r_a3775bca971ce3d388db3e9d18b92653,5.0,5.0,0.0,0.0,1622,2894,-1272,-43.95,0
2025-11-06,黒部市 パート求人,https://jp.stanby.com/r_a3775bca971ce3d388db3e9d18b92653,4.0,5.0,-1.0,-20.0,1467,1622,-155,-9.56,0
2025-11-07,黒部市 パート求人,https://jp.stanby.com/r_a3775bca971ce3d388db3e9d18b92653,4.0,4.0,0.0,0.0,2509,1467,1042,71.03,0
2025-11-08,黒部市 パート求人,https://jp.stanby.com/r_a3775bca971ce3d388db3e9d18b92653,4.0,4.0,0.0,0.0,1447,2509,-1062,-42.33,0
2025-11-02,黒部市 仕事,https://jp.stanby.com/r_4087c7e9438775b6891427e0fc87c32b,5.0,5.0,0.0,0.0,2103,1320,783,59.32,0
2025-11-03,黒部市 仕事,https://jp.stanby.com/r_4087c7e9438775b6891427e0fc87c32b,5.0,5.0,0.0,0.0,2057,2103,-46,-2.19,0
2025-11-04,黒部市 仕事,https://jp.stanby.com/r_4087c7e9438775b6891427e0fc87c32b,5.0,5.0,0.0,0.0,2037,2057,-20,-0.97,0
2025-11-05,黒部市 仕事,https://jp.stanby.com/r_4087c7e9438775b6891427e0fc87c32b,5.0,5.0,0.0,0.0,3223,2037,1186,58.22,0
2025-11-06,黒部市 仕事,https://jp.stanby.com/r_4087c7e9438775b6891427e0fc87c32b,5.0,5.0,0.0,0.0,3296,3223,73,2.26,0
2025-11-07,黒部市 仕事,https://jp.stanby.com/r_4087c7e9438775b6891427e0fc87c32b,5.0,5.0,0.0,0.0,2077,3296,-1219,-36.98,0
2025-11-08,黒部市 仕事,https://jp.stanby.com/r_4087c7e9438775b6891427e0fc87c32b,6.0,5.0,1.0,20.0,2278,2077,201,9.68,0
2025-11-02,黒部市 正社員求人,https://jp.stanby.com/r_4fa63a79772ccf55afe872da189e2589,6.0,6.0,0.0,0.0,1840,1866,-26,-1.39,0
2025-11-03,黒部市 正社員求人,https://jp.stanby.com/r_4fa63a79772ccf55afe872da189e2589,6.0,6.0,0.0,0.0,1840,1840,0,0.0,0
2025-11-04,黒部市 正社員求人,https://jp.stanby.com/r_4fa63a79772ccf55afe872da189e2589,6.0,6.0,0.0,0.0,1840,1840,0,0.0,0
2025-11-05,黒部市 正社員求人,https://jp.stanby.com/r_4fa63a79772ccf55afe872da189e2589,6.0,6.0,0.0,0.0,1814,1840,-26,-1.41,0
2025-11-06,黒部市 正社員求人,https://jp.stanby.com/r_4fa63a79772ccf55afe872da189e2589,6.0,6.0,0.0,0.0,1840,1814,26,1.43,0
2025-11-07,黒部市 正社員求人,https://jp.stanby.com/r_4fa63a79772ccf55afe872da189e2589,6.0,6.0,0.0,0.0,1814,1840,-26,-1.41,0
2025-11-08,黒部市 正社員求人,https://jp.stanby.com/r_4fa63a79772ccf55afe872da189e2589,6.0,6.0,0.0,0.0,3034,1814,1220,67.25,0
2025-11-02,黒部市 求人,https://jp.stanby.com/r_4087c7e9438775b6891427e0fc87c32b,3.0,3.0,0.0,0.0,1272,1272,0,0.0,0
2025-11-03,黒部市 求人,https://jp.stanby.com/r_4087c7e9438775b6891427e0fc87c32b,3.0,3.0,0.0,0.0,1246,1272,-26,-2.04,0
2025-11-04,黒部市 求人,https://jp.stanby.com/r_4087c7e9438775b6891427e0fc87c32b,3.0,3.0,0.0,0.0,635,1246,-611,-49.04,0
2025-11-05,黒部市 求人,https://jp.stanby.com/r_4087c7e9438775b6891427e0fc87c32b,4.0,3.0,1.0,33.33,1862,635,1227,193.23,0
2025-11-06,黒部市 求人,https://jp.stanby.com/r_4087c7e9438775b6891427e0fc87c32b,4.0,4.0,0.0,0.0,1467,1862,-395,-21.21,0
2025-11-07,黒部市 求人,https://jp.stanby.com/r_4087c7e9438775b6891427e0fc87c32b,3.0,4.0,-1.0,-25.0,635,1467,-832,-56.71,0
2025-11-08,黒部市 求人,https://jp.stanby.com/r_4087c7e9438775b6891427e0fc87c32b,3.0,3.0,0.0,0.0,635,635,0,0.0,0
2025-11-02,黒部市 求人情報,https://jp.stanby.com/r_4087c7e9438775b6891427e0fc87c32b,7.0,6.0,1.0,16.67,2070,1863,207,11.11,0
2025-11-03,黒部市 求人情報,https://jp.stanby.com/r_4087c7e9438775b6891427e0fc87c32b,7.0,7.0,0.0,0.0,2485,2070,415,20.05,0
2025-11-04,黒部市 求人情報,https://jp.stanby.com/r_4087c7e9438775b6891427e0fc87c32b,7.0,7.0,0.0,0.0,2485,2485,0,0.0,0
2025-11-05,黒部市 求人情報,https://jp.stanby.com/r_4087c7e9438775b6891427e0fc87c32b,6.0,7.0,-1.0,-14.29,2915,2485,430,17.3,0
2025-11-06,黒部市 求人情報,https://jp.stanby.com/r_4087c7e9438775b6891427e0fc87c32b,6.0,6.0,0.0,0.0,3077,2915,162,5.56,0
2025-11-07,黒部市 求人情報,https://jp.stanby.com/r_4087c7e9438775b6891427e0fc87c32b,6.0,6.0,0.0,0.0,1869,3077,-1208,-39.26,0
2025-11-08,黒部市 求人情報,https://jp.stanby.com/r_4087c7e9438775b6891427e0fc87c32b,8.0,6.0,2.0,33.33,2680,1869,811,43.39,0
2025-11-02,龍ケ崎市 アルバイト,https://jp.stanby.com/r_8c50b569555a824d0841f4edc7c38fd7,6.0,7.0,-1.0,-14.29,1799,2096,-297,-14.17,0
2025-11-03,龍ケ崎市 アルバイト,https://jp.stanby.com/r_8c50b569555a824d0841f4edc7c38fd7,7.0,6.0,1.0,16.67,2122,1799,323,17.95,0
2025-11-04,龍ケ崎市 アルバイト,https://jp.stanby.com/r_8c50b569555a824d0841f4edc7c38fd7,7.0,7.0,0.0,0.0,2146,2122,24,1.13,0
2025-11-05,龍ケ崎市 アルバイト,https://jp.stanby.com/r_8c50b569555a824d0841f4edc7c38fd7,7.0,7.0,0.0,0.0,2240,2146,94,4.38,0
2025-11-06,龍ケ崎市 アルバイト,https://jp.stanby.com/r_8c50b569555a824d0841f4edc7c38fd7,6.0,7.0,-1.0,-14.29,1945,2240,-295,-13.17,0
2025-11-07,龍ケ崎市 アルバイト,https://jp.stanby.com/r_8c50b569555a824d0841f4edc7c38fd7,7.0,6.0,1.0,16.67,2150,1945,205,10.54,0
2025-11-08,龍ケ崎市 アルバイト,https://jp.stanby.com/r_8c50b569555a824d0841f4edc7c38fd7,7.0,7.0,0.0,0.0,2212,2150,62,2.88,0
2025-11-02,龍ケ崎市 バイト,https://jp.stanby.com/r_8c50b569555a824d0841f4edc7c38fd7,6.0,6.0,0.0,0.0,1945,3184,-1239,-38.91,0
2025-11-03,龍ケ崎市 バイト,https://jp.stanby.com/r_8c50b569555a824d0841f4edc7c38fd7,6.0,6.0,0.0,0.0,1921,1945,-24,-1.23,0
2025-11-04,龍ケ崎市 バイト,https://jp.stanby.com/r_8c50b569555a824d0841f4edc7c38fd7,6.0,6.0,0.0,0.0,1971,1921,50,2.6,0
2025-11-05,龍ケ崎市 バイト,https://jp.stanby.com/r_8c50b569555a824d0841f4edc7c38fd7,6.0,6.0,0.0,0.0,2039,1971,68,3.45,0
2025-11-06,龍ケ崎市 バイト,https://jp.stanby.com/r_8c50b569555a824d0841f4edc7c38fd7,6.0,6.0,0.0,0.0,1901,2039,-138,-6.77,0
2025-11-07,龍ケ崎市 バイト,https://jp.stanby.com/r_8c50b569555a824d0841f4edc7c38fd7,7.0,6.0,1.0,16.67,2150,1901,249,13.1,0
2025-11-08,龍ケ崎市 バイト,https://jp.stanby.com/r_8c50b569555a824d0841f4edc7c38fd7,6.0,7.0,-1.0,-14.29,1991,2150,-159,-7.4,0
2025-11-02,龍ケ崎市 パート,https://jp.stanby.com/r_8c50b569555a824d0841f4edc7c38fd7,5.0,5.0,0.0,0.0,1718,1732,-14,-0.81,0
2025-11-03,龍ケ崎市 パート,https://jp.stanby.com/r_8c50b569555a824d0841f4edc7c38fd7,5.0,5.0,0.0,0.0,1622,1718,-96,-5.59,0
2025-11-04,龍ケ崎市 パート,https://jp.stanby.com/r_8c50b569555a824d0841f4edc7c38fd7,5.0,5.0,0.0,0.0,1686,1622,64,3.95,0
2025-11-05,龍ケ崎市 パート,https://jp.stanby.com/r_8c50b569555a824d0841f4edc7c38fd7,5.0,5.0,0.0,0.0,2158,1686,472,28.0,0
2025-11-06,龍ケ崎市 パート,https://jp.stanby.com/r_8c50b569555a824d0841f4edc7c38fd7,5.0,5.0,0.0,0.0,1668,2158,-490,-22.71,0
2025-11-07,龍ケ崎市 パート,https://jp.stanby.com/r_8c50b569555a824d0841f4edc7c38fd7,5.0,5.0,0.0,0.0,1668,1668,0,0.0,0
2025-11-08,龍ケ崎市 パート,https://jp.stanby.com/r_8c50b569555a824d0841f4edc7c38fd7,5.0,5.0,0.0,0.0,2077,1668,409,24.52,0
2025-11-03,龍ケ崎市 仕事,https://jp.stanby.com/r_d3b344ae5313f1260f0c9ca0de0b353e,9.0,9.0,0.0,0.0,2925,2925,0,0.0,0
2025-11-04,龍ケ崎市 仕事,https://jp.stanby.com/r_d3b344ae5313f1260f0c9ca0de0b353e,10.0,9.0,1.0,11.11,3677,2925,752,25.71,0
2025-11-05,龍ケ崎市 仕事,https://jp.stanby.com/r_d3b344ae5313f1260f0c9ca0de0b353e,9.0,10.0,-1.0,-10.0,2925,3677,-752,-20.45,0
2025-11-06,龍ケ崎市 仕事,https://jp.stanby.com/r_d3b344ae5313f1260f0c9ca0de0b353e,9.0,9.0,0.0,0.0,2899,2925,-26,-0.89,0
2025-11-07,龍ケ崎市 仕事,https://jp.stanby.com/r_d3b344ae5313f1260f0c9ca0de0b353e,10.0,9.0,1.0,11.11,3735,2899,836,28.84,0
2025-11-08,龍ケ崎市 仕事,https://jp.stanby.com/r_d3b344ae5313f1260f0c9ca0de0b353e,10.0,10.0,0.0,0.0,3735,3735,0,0.0,0
2025-11-02,龍ケ崎市 求人,https://jp.stanby.com/r_8c50b569555a824d0841f4edc7c38fd7,14.0,12.0,2.0,16.67,4247,4163,84,2.02,0
2025-11-04,龍ケ崎市 求人,https://jp.stanby.com/r_8c50b569555a824d0841f4edc7c38fd7,13.0,14.0,-1.0,-7.14,4753,4247,506,11.91,0
2025-11-05,龍ケ崎市 求人,https://jp.stanby.com/r_8c50b569555a824d0841f4edc7c38fd7,14.0,13.0,1.0,7.69,4908,4753,155,3.26,0
2025-11-06,龍ケ崎市 求人,https://jp.stanby.com/r_8c50b569555a824d0841f4edc7c38fd7,11.0,14.0,-3.0,-21.43,3217,4908,-1691,-34.45,0
2025-11-07,龍ケ崎市 求人,https://jp.stanby.com/r_8c50b569555a824d0841f4edc7c38fd7,10.0,11.0,-1.0,-9.09,3042,3217,-175,-5.44,0
2025-11-08,龍ケ崎市 求人,https://jp.stanby.com/r_8c50b569555a824d0841f4edc7c38fd7,12.0,10.0,2.0,20.0,4546,3042,1504,49.44,0
2025-11-02,龍ケ崎市 求人情報,https://jp.stanby.com/r_c575cda5dcf11d3db3a26c52c2043e62,16.0,16.0,0.0,0.0,4649,5330,-681,-12.78,0
2025-11-03,龍ケ崎市 求人情報,https://jp.stanby.com/r_c575cda5dcf11d3db3a26c52c2043e62,16.0,16.0,0.0,0.0,5488,4649,839,18.05,0
2025-11-04,龍ケ崎市 求人情報,https://jp.stanby.com/r_c575cda5dcf11d3db3a26c52c2043e62,16.0,16.0,0.0,0.0,5488,5488,0,0.0,0
2025-11-05,龍ケ崎市 求人情報,https://jp.stanby.com/r_c575cda5dcf11d3db3a26c52c2043e62,16.0,16.0,0.0,0.0,5252,5488,-236,-4.3,0
2025-11-06,龍ケ崎市 求人情報,https://jp.stanby.com/r_c575cda5dcf11d3db3a26c52c2043e62,14.0,16.0,-2.0,-12.5,4223,5252,-1029,-19.59,0
2025-11-07,龍ケ崎市 求人情報,https://jp.stanby.com/r_c575cda5dcf11d3db3a26c52c2043e62,13.0,14.0,-1.0,-7.14,6320,4223,2097,49.66,0
2025-11-08,龍ケ崎市 求人情報,https://jp.stanby.com/r_c575cda5dcf11d3db3a26c52c2043e62,14.0,13.0,1.0,7.69,4948,6320,-1372,-21.71,0
2025-11-02,龍谷大学 アルバイト,https://jp.stanby.com/r_3cbd9858144c77002637795294307bfa,6.0,5.0,1.0,20.0,2501,1598,903,56.51,0
2025-11-03,龍谷大学 アルバイト,https://jp.stanby.com/r_3cbd9858144c77002637795294307bfa,5.0,6.0,-1.0,-16.67,2569,2501,68,2.72,0
2025-11-04,龍谷大学 アルバイト,https://jp.stanby.com/r_3cbd9858144c77002637795294307bfa,5.0,5.0,0.0,0.0,2280,2569,-289,-11.25,0
2025-11-05,龍谷大学 アルバイト,https://jp.stanby.com/r_3cbd9858144c77002637795294307bfa,4.0,5.0,-1.0,-20.0,2079,2280,-201,-8.82,0
2025-11-06,龍谷大学 アルバイト,https://jp.stanby.com/r_3cbd9858144c77002637795294307bfa,5.0,4.0,1.0,25.0,2280,2079,201,9.67,0
2025-11-07,龍谷大学 アルバイト,https://jp.stanby.com/r_3cbd9858144c77002637795294307bfa,5.0,5.0,0.0,0.0,2615,2280,335,14.69,0
2025-11-02,龍谷大学 バイト,https://jp.stanby.com/r_3cbd9858144c77002637795294307bfa,4.0,4.0,0.0,0.0,2207,2025,182,8.99,0
2025-11-03,龍谷大学 バイト,https://jp.stanby.com/r_3cbd9858144c77002637795294307bfa,4.0,4.0,0.0,0.0,2187,2207,-20,-0.91,0
2025-11-04,龍谷大学 バイト,https://jp.stanby.com/r_3cbd9858144c77002637795294307bfa,4.0,4.0,0.0,0.0,2187,2187,0,0.0,0
2025-11-05,龍谷大学 バイト,https://jp.stanby.com/r_3cbd9858144c77002637795294307bfa,4.0,4.0,0.0,0.0,2187,2187,0,0.0,0
2025-11-06,龍谷大学 バイト,https://jp.stanby.com/r_3cbd9858144c77002637795294307bfa,4.0,4.0,0.0,0.0,2187,2187,0,0.0,0
2025-11-07,龍谷大学 バイト,https://jp.stanby.com/r_3cbd9858144c77002637795294307bfa,4.0,4.0,0.0,0.0,2005,2187,-182,-8.32,0
2025-11-08,龍谷大学 バイト,https://jp.stanby.com/r_3cbd9858144c77002637795294307bfa,4.0,4.0,0.0,0.0,1556,2005,-449,-22.39,0
2025-11-02,龍谷大学 求人,https://jp.stanby.com/r_4ba8725e5354f4b79f0e5cd4b1cad106,6.0,6.0,0.0,0.0,1542,1472,70,4.76,0
2025-11-03,龍谷大学 求人,https://jp.stanby.com/r_4ba8725e5354f4b79f0e5cd4b1cad106,6.0,6.0,0.0,0.0,1542,1542,0,0.0,0
2025-11-04,龍谷大学 求人,https://jp.stanby.com/r_4ba8725e5354f4b79f0e5cd4b1cad106,6.0,6.0,0.0,0.0,1706,1542,164,10.64,0
2025-11-05,龍谷大学 求人,https://jp.stanby.com/r_4ba8725e5354f4b79f0e5cd4b1cad106,6.0,6.0,0.0,0.0,1472,1706,-234,-13.72,0
2025-11-06,龍谷大学 求人,https://jp.stanby.com/r_4ba8725e5354f4b79f0e5cd4b1cad106,6.0,6.0,0.0,0.0,1542,1472,70,4.76,0
2025-11-07,龍谷大学 求人,https://jp.stanby.com/r_4ba8725e5354f4b79f0e5cd4b1cad106,5.0,6.0,-1.0,-16.67,1341,1542,-201,-13.04,0
2025-11-08,龍谷大学 求人,https://jp.stanby.com/r_4ba8725e5354f4b79f0e5cd4b1cad106,6.0,5.0,1.0,20.0,1472,1341,131,9.77,0
2025-11-02,龍郷町 求人,https://jp.stanby.com/r_a15acbf7cde25342eae61940978698aa,3.0,3.0,0.0,0.0,1779,1344,435,32.37,0
2025-11-03,龍郷町 求人,https://jp.stanby.com/r_a15acbf7cde25342eae61940978698aa,3.0,3.0,0.0,0.0,1344,1779,-435,-24.45,0
2025-11-04,龍郷町 求人,https://jp.stanby.com/r_a15acbf7cde25342eae61940978698aa,3.0,3.0,0.0,0.0,1759,1344,415,30.88,0
2025-11-05,龍郷町 求人,https://jp.stanby.com/r_a15acbf7cde25342eae61940978698aa,3.0,3.0,0.0,0.0,1713,1759,-46,-2.62,0
2025-11-06,龍郷町 求人,https://jp.stanby.com/r_a15acbf7cde25342eae61940978698aa,3.0,3.0,0.0,0.0,1344,1713,-369,-21.54,0
2025-11-07,龍郷町 求人,https://jp.stanby.com/r_a15acbf7cde25342eae61940978698aa,3.0,3.0,0.0,0.0,1338,1344,-6,-0.45,0
2025-11-08,龍郷町 求人,https://jp.stanby.com/r_a15acbf7cde25342eae61940978698aa,3.0,3.0,0.0,0.0,1266,1338,-72,-5.38,0
